Traceback (most recent call last):
  File "C:\Users\amitc\OneDrive\Desktop\Research\NanoGpt\nanoGPT\train.py", line 77, in <module>
    exec(open('configurator.py').read()) # overrides from command line or config file
         ~~~~^^^^^^^^^^^^^^^^^^^
FileNotFoundError: [Errno 2] No such file or directory: 'configurator.py'
Overriding config with .\config\train_shakespeare_char.py:
# train a miniature character-level shakespeare model
# good for debugging and playing on macbooks and such

out_dir = 'out-shakespeare-char'
eval_interval = 250 # keep frequent because we'll overfit
eval_iters = 200
log_interval = 10 # don't print too too often

# we expect to overfit on this small dataset, so only save when val improves
always_save_checkpoint = False

wandb_log = False # override via command line if you like
wandb_project = 'shakespeare-char'
wandb_run_name = 'mini-gpt'

dataset = 'shakespeare_char'
gradient_accumulation_steps = 1
batch_size = 64
block_size = 256 # context of up to 256 previous characters

# baby GPT model :)
n_layer = 6
n_head = 6
n_embd = 384
dropout = 0.2

learning_rate = 1e-3 # with baby networks can afford to go a bit higher
max_iters = 5000
lr_decay_iters = 5000 # make equal to max_iters usually
min_lr = 1e-4 # learning_rate / 10 usually
beta2 = 0.99 # make a bit bigger because number of tokens per iter is small

warmup_iters = 100 # not super necessary potentially

# on macbook also add
# device = 'cpu'  # run on cpu only
# compile = False # do not torch compile the model

Overriding: device = cpu
Overriding: compile = False
Traceback (most recent call last):
  File "C:\Users\amitc\OneDrive\Desktop\Research\NanoGpt\nanoGPT\train.py", line 77, in <module>
    exec(open('configurator.py').read()) # overrides from command line or config file
    ~~~~^^^^^^^^^^^^^^^^^^^^^^^^^^^^^^^^
  File "<string>", line 47, in <module>
ValueError: Unknown config key: seed
Overriding config with .\config\train_shakespeare_char.py:
# train a miniature character-level shakespeare model
# good for debugging and playing on macbooks and such

out_dir = 'out-shakespeare-char'
eval_interval = 250 # keep frequent because we'll overfit
eval_iters = 200
log_interval = 10 # don't print too too often

# we expect to overfit on this small dataset, so only save when val improves
always_save_checkpoint = False

wandb_log = False # override via command line if you like
wandb_project = 'shakespeare-char'
wandb_run_name = 'mini-gpt'

dataset = 'shakespeare_char'
gradient_accumulation_steps = 1
batch_size = 64
block_size = 256 # context of up to 256 previous characters

# baby GPT model :)
n_layer = 6
n_head = 6
n_embd = 384
dropout = 0.2

learning_rate = 1e-3 # with baby networks can afford to go a bit higher
max_iters = 5000
lr_decay_iters = 5000 # make equal to max_iters usually
min_lr = 1e-4 # learning_rate / 10 usually
beta2 = 0.99 # make a bit bigger because number of tokens per iter is small

warmup_iters = 100 # not super necessary potentially

# on macbook also add
# device = 'cpu'  # run on cpu only
# compile = False # do not torch compile the model

Overriding: device = cpu
Overriding: compile = False
Overriding: init_from = scratch
Overriding: eval_iters = 20
Overriding: log_interval = 1
Overriding: block_size = 64
Overriding: batch_size = 12
Overriding: n_layer = 6
Overriding: n_head = 4
Overriding: n_embd = 112
Overriding: max_iters = 2000
Overriding: lr_decay_iters = 2000
Overriding: dropout = 0.0
Overriding: out_dir = C:\Users\amitc\OneDrive\Desktop\Research\NanoGpt\nanoGPT\experiments\depth_ablation_6
tokens per iteration will be: 768
found vocab_size = 65 (inside data\shakespeare_char\meta.pkl)
Initializing a new model from scratch
number of parameters: 0.91M
C:\Users\amitc\OneDrive\Desktop\Research\NanoGpt\nanoGPT\train.py:196: FutureWarning: `torch.cuda.amp.GradScaler(args...)` is deprecated. Please use `torch.amp.GradScaler('cuda', args...)` instead.
  scaler = torch.cuda.amp.GradScaler(enabled=(dtype == 'float16'))
C:\Users\amitc\AppData\Roaming\Python\Python314\site-packages\torch\cuda\amp\grad_scaler.py:31: UserWarning: torch.cuda.amp.GradScaler is enabled, but CUDA is not available.  Disabling.
  super().__init__(
num decayed parameter tensors: 26, with 917,616 parameters
num non-decayed parameter tensors: 13, with 1,456 parameters
using fused AdamW: False
step 0: train loss 4.1841, val loss 4.1780
iter 0: loss 4.1966, time 859.98ms, mfu -100.00%
iter 1: loss 4.1517, time 64.33ms, mfu -100.00%
iter 2: loss 4.1364, time 63.62ms, mfu -100.00%
iter 3: loss 4.0850, time 60.71ms, mfu -100.00%
iter 4: loss 4.0451, time 62.45ms, mfu -100.00%
iter 5: loss 3.9590, time 60.97ms, mfu 0.02%
iter 6: loss 3.9165, time 57.02ms, mfu 0.02%
iter 7: loss 3.8625, time 62.06ms, mfu 0.02%
iter 8: loss 3.8065, time 63.75ms, mfu 0.02%
iter 9: loss 3.7939, time 64.81ms, mfu 0.02%
iter 10: loss 3.7846, time 59.53ms, mfu 0.02%
iter 11: loss 3.7521, time 61.90ms, mfu 0.02%
iter 12: loss 3.7367, time 61.10ms, mfu 0.02%
iter 13: loss 3.7732, time 59.70ms, mfu 0.02%
iter 14: loss 3.6708, time 57.11ms, mfu 0.02%
iter 15: loss 3.7055, time 57.03ms, mfu 0.02%
iter 16: loss 3.6651, time 51.17ms, mfu 0.02%
iter 17: loss 3.6434, time 56.75ms, mfu 0.02%
iter 18: loss 3.6691, time 54.45ms, mfu 0.03%
iter 19: loss 3.6183, time 51.84ms, mfu 0.03%
iter 20: loss 3.6038, time 51.45ms, mfu 0.03%
iter 21: loss 3.5756, time 50.18ms, mfu 0.03%
iter 22: loss 3.5678, time 48.68ms, mfu 0.03%
iter 23: loss 3.5037, time 47.70ms, mfu 0.03%
iter 24: loss 3.4867, time 50.39ms, mfu 0.03%
iter 25: loss 3.4558, time 46.08ms, mfu 0.03%
iter 26: loss 3.3902, time 42.74ms, mfu 0.03%
iter 27: loss 3.4248, time 46.67ms, mfu 0.03%
iter 28: loss 3.4149, time 49.49ms, mfu 0.03%
iter 29: loss 3.3605, time 48.37ms, mfu 0.03%
iter 30: loss 3.2799, time 47.85ms, mfu 0.03%
iter 31: loss 3.2845, time 47.54ms, mfu 0.03%
iter 32: loss 3.2597, time 44.06ms, mfu 0.03%
iter 33: loss 3.3235, time 47.56ms, mfu 0.03%
iter 34: loss 3.2659, time 46.77ms, mfu 0.03%
iter 35: loss 3.2102, time 48.87ms, mfu 0.03%
iter 36: loss 3.2657, time 44.26ms, mfu 0.03%
iter 37: loss 3.2307, time 46.33ms, mfu 0.03%
iter 38: loss 3.1839, time 45.06ms, mfu 0.03%
iter 39: loss 3.1487, time 46.94ms, mfu 0.03%
iter 40: loss 3.1537, time 45.09ms, mfu 0.03%
iter 41: loss 3.1014, time 48.79ms, mfu 0.03%
iter 42: loss 3.1391, time 46.61ms, mfu 0.03%
iter 43: loss 3.0879, time 46.79ms, mfu 0.03%
iter 44: loss 3.0643, time 46.54ms, mfu 0.03%
iter 45: loss 3.0308, time 45.11ms, mfu 0.03%
iter 46: loss 3.0952, time 49.36ms, mfu 0.03%
iter 47: loss 2.9891, time 52.62ms, mfu 0.03%
iter 48: loss 3.0183, time 51.49ms, mfu 0.03%
iter 49: loss 2.9468, time 49.46ms, mfu 0.03%
iter 50: loss 2.9829, time 50.97ms, mfu 0.03%
iter 51: loss 2.9584, time 53.00ms, mfu 0.03%
iter 52: loss 3.0387, time 56.31ms, mfu 0.03%
iter 53: loss 2.9769, time 54.45ms, mfu 0.03%
iter 54: loss 2.8854, time 56.56ms, mfu 0.03%
iter 55: loss 2.9213, time 56.67ms, mfu 0.03%
iter 56: loss 2.9263, time 51.49ms, mfu 0.03%
iter 57: loss 2.9160, time 53.90ms, mfu 0.03%
iter 58: loss 2.8699, time 51.58ms, mfu 0.03%
iter 59: loss 2.8899, time 50.05ms, mfu 0.03%
iter 60: loss 2.8266, time 51.74ms, mfu 0.03%
iter 61: loss 2.8185, time 52.55ms, mfu 0.03%
iter 62: loss 2.8284, time 52.67ms, mfu 0.03%
iter 63: loss 2.7688, time 53.81ms, mfu 0.03%
iter 64: loss 2.7425, time 51.02ms, mfu 0.03%
iter 65: loss 2.7481, time 51.54ms, mfu 0.03%
iter 66: loss 2.8092, time 49.31ms, mfu 0.03%
iter 67: loss 2.7903, time 46.80ms, mfu 0.03%
iter 68: loss 2.7239, time 45.99ms, mfu 0.03%
iter 69: loss 2.8492, time 45.49ms, mfu 0.03%
iter 70: loss 2.7746, time 48.96ms, mfu 0.03%
iter 71: loss 2.6978, time 51.14ms, mfu 0.03%
iter 72: loss 2.7199, time 56.19ms, mfu 0.03%
iter 73: loss 2.8254, time 52.97ms, mfu 0.03%
iter 74: loss 2.8148, time 49.29ms, mfu 0.03%
iter 75: loss 2.7103, time 50.51ms, mfu 0.03%
iter 76: loss 2.8094, time 50.03ms, mfu 0.03%
iter 77: loss 2.7703, time 44.95ms, mfu 0.03%
iter 78: loss 2.7544, time 45.81ms, mfu 0.03%
iter 79: loss 2.6443, time 46.88ms, mfu 0.03%
iter 80: loss 2.7126, time 41.62ms, mfu 0.03%
iter 81: loss 2.7843, time 44.99ms, mfu 0.03%
iter 82: loss 2.6856, time 47.67ms, mfu 0.03%
iter 83: loss 2.6405, time 51.49ms, mfu 0.03%
iter 84: loss 2.7958, time 55.47ms, mfu 0.03%
iter 85: loss 2.6961, time 68.69ms, mfu 0.03%
iter 86: loss 2.6963, time 56.56ms, mfu 0.03%
iter 87: loss 2.6976, time 51.55ms, mfu 0.03%
iter 88: loss 2.6250, time 53.25ms, mfu 0.03%
iter 89: loss 2.6074, time 51.64ms, mfu 0.03%
iter 90: loss 2.6940, time 63.61ms, mfu 0.03%
iter 91: loss 2.6811, time 54.07ms, mfu 0.03%
iter 92: loss 2.6953, time 49.28ms, mfu 0.03%
iter 93: loss 2.6172, time 46.35ms, mfu 0.03%
iter 94: loss 2.6073, time 42.87ms, mfu 0.03%
iter 95: loss 2.6954, time 46.51ms, mfu 0.03%
iter 96: loss 2.6566, time 50.12ms, mfu 0.03%
iter 97: loss 2.6234, time 71.43ms, mfu 0.03%
iter 98: loss 2.6001, time 77.99ms, mfu 0.03%
iter 99: loss 2.6615, time 61.49ms, mfu 0.03%
iter 100: loss 2.6677, time 47.34ms, mfu 0.03%
iter 101: loss 2.6914, time 49.16ms, mfu 0.03%
iter 102: loss 2.5886, time 50.23ms, mfu 0.03%
iter 103: loss 2.5987, time 56.25ms, mfu 0.03%
iter 104: loss 2.6994, time 50.62ms, mfu 0.03%
iter 105: loss 2.6762, time 49.77ms, mfu 0.03%
iter 106: loss 2.6078, time 50.83ms, mfu 0.03%
iter 107: loss 2.6415, time 51.16ms, mfu 0.03%
iter 108: loss 2.6101, time 44.60ms, mfu 0.03%
iter 109: loss 2.6363, time 45.19ms, mfu 0.03%
iter 110: loss 2.5976, time 47.59ms, mfu 0.03%
iter 111: loss 2.5779, time 45.93ms, mfu 0.03%
iter 112: loss 2.6014, time 50.37ms, mfu 0.03%
iter 113: loss 2.6414, time 47.51ms, mfu 0.03%
iter 114: loss 2.6760, time 49.57ms, mfu 0.03%
iter 115: loss 2.5431, time 46.23ms, mfu 0.03%
iter 116: loss 2.5674, time 45.88ms, mfu 0.03%
iter 117: loss 2.5951, time 46.46ms, mfu 0.03%
iter 118: loss 2.5467, time 47.82ms, mfu 0.03%
iter 119: loss 2.5773, time 48.84ms, mfu 0.03%
iter 120: loss 2.5905, time 45.30ms, mfu 0.03%
iter 121: loss 2.5748, time 48.08ms, mfu 0.03%
iter 122: loss 2.5528, time 44.79ms, mfu 0.03%
iter 123: loss 2.5541, time 45.93ms, mfu 0.03%
iter 124: loss 2.5108, time 48.38ms, mfu 0.03%
iter 125: loss 2.6885, time 45.20ms, mfu 0.03%
iter 126: loss 2.4728, time 46.78ms, mfu 0.03%
iter 127: loss 2.6411, time 45.60ms, mfu 0.03%
iter 128: loss 2.6091, time 47.26ms, mfu 0.03%
iter 129: loss 2.6108, time 47.43ms, mfu 0.03%
iter 130: loss 2.5928, time 47.16ms, mfu 0.03%
iter 131: loss 2.4640, time 47.87ms, mfu 0.03%
iter 132: loss 2.5198, time 45.71ms, mfu 0.03%
iter 133: loss 2.6250, time 47.05ms, mfu 0.03%
iter 134: loss 2.6443, time 47.58ms, mfu 0.03%
iter 135: loss 2.5728, time 51.71ms, mfu 0.03%
iter 136: loss 2.5083, time 47.31ms, mfu 0.03%
iter 137: loss 2.5803, time 46.74ms, mfu 0.03%
iter 138: loss 2.5259, time 47.25ms, mfu 0.03%
iter 139: loss 2.5246, time 42.92ms, mfu 0.03%
iter 140: loss 2.6202, time 47.15ms, mfu 0.03%
iter 141: loss 2.5417, time 48.12ms, mfu 0.03%
iter 142: loss 2.5562, time 44.29ms, mfu 0.03%
iter 143: loss 2.6439, time 42.00ms, mfu 0.03%
iter 144: loss 2.5820, time 46.79ms, mfu 0.03%
iter 145: loss 2.5085, time 44.80ms, mfu 0.03%
iter 146: loss 2.5938, time 46.59ms, mfu 0.03%
iter 147: loss 2.5259, time 46.95ms, mfu 0.03%
iter 148: loss 2.5874, time 43.12ms, mfu 0.03%
iter 149: loss 2.5742, time 48.03ms, mfu 0.03%
iter 150: loss 2.5294, time 47.29ms, mfu 0.03%
iter 151: loss 2.5285, time 45.54ms, mfu 0.03%
iter 152: loss 2.5170, time 46.98ms, mfu 0.03%
iter 153: loss 2.4801, time 46.82ms, mfu 0.03%
iter 154: loss 2.4719, time 47.10ms, mfu 0.03%
iter 155: loss 2.4495, time 46.12ms, mfu 0.03%
iter 156: loss 2.5268, time 45.33ms, mfu 0.03%
iter 157: loss 2.5118, time 46.79ms, mfu 0.03%
iter 158: loss 2.4646, time 46.89ms, mfu 0.03%
iter 159: loss 2.5567, time 46.08ms, mfu 0.03%
iter 160: loss 2.4762, time 48.37ms, mfu 0.03%
iter 161: loss 2.5276, time 48.54ms, mfu 0.03%
iter 162: loss 2.6312, time 47.23ms, mfu 0.03%
iter 163: loss 2.5227, time 47.75ms, mfu 0.03%
iter 164: loss 2.4260, time 49.26ms, mfu 0.03%
iter 165: loss 2.4935, time 46.60ms, mfu 0.03%
iter 166: loss 2.4954, time 47.82ms, mfu 0.03%
iter 167: loss 2.4385, time 50.80ms, mfu 0.03%
iter 168: loss 2.3428, time 54.89ms, mfu 0.03%
iter 169: loss 2.5760, time 57.15ms, mfu 0.03%
iter 170: loss 2.5031, time 53.46ms, mfu 0.03%
iter 171: loss 2.4227, time 50.90ms, mfu 0.03%
iter 172: loss 2.4966, time 54.09ms, mfu 0.03%
iter 173: loss 2.4597, time 58.85ms, mfu 0.03%
iter 174: loss 2.6126, time 60.50ms, mfu 0.03%
iter 175: loss 2.5374, time 62.71ms, mfu 0.03%
iter 176: loss 2.4878, time 56.09ms, mfu 0.03%
iter 177: loss 2.4959, time 55.39ms, mfu 0.03%
iter 178: loss 2.5986, time 53.60ms, mfu 0.03%
iter 179: loss 2.4745, time 53.40ms, mfu 0.03%
iter 180: loss 2.4443, time 55.23ms, mfu 0.03%
iter 181: loss 2.4887, time 57.06ms, mfu 0.03%
iter 182: loss 2.4832, time 63.19ms, mfu 0.03%
iter 183: loss 2.4773, time 64.14ms, mfu 0.03%
iter 184: loss 2.5406, time 56.41ms, mfu 0.03%
iter 185: loss 2.4547, time 51.72ms, mfu 0.03%
iter 186: loss 2.5387, time 49.70ms, mfu 0.03%
iter 187: loss 2.5168, time 50.57ms, mfu 0.03%
iter 188: loss 2.5363, time 51.23ms, mfu 0.03%
iter 189: loss 2.5326, time 48.02ms, mfu 0.03%
iter 190: loss 2.5658, time 47.38ms, mfu 0.03%
iter 191: loss 2.5913, time 47.20ms, mfu 0.03%
iter 192: loss 2.4463, time 48.34ms, mfu 0.03%
iter 193: loss 2.5056, time 48.43ms, mfu 0.03%
iter 194: loss 2.5009, time 49.89ms, mfu 0.03%
iter 195: loss 2.4689, time 51.90ms, mfu 0.03%
iter 196: loss 2.4481, time 49.62ms, mfu 0.03%
iter 197: loss 2.4933, time 51.19ms, mfu 0.03%
iter 198: loss 2.4234, time 50.85ms, mfu 0.03%
iter 199: loss 2.4462, time 51.31ms, mfu 0.03%
iter 200: loss 2.4026, time 48.10ms, mfu 0.03%
iter 201: loss 2.4123, time 46.95ms, mfu 0.03%
iter 202: loss 2.5142, time 46.44ms, mfu 0.03%
iter 203: loss 2.4363, time 46.12ms, mfu 0.03%
iter 204: loss 2.4101, time 48.16ms, mfu 0.03%
iter 205: loss 2.4666, time 46.06ms, mfu 0.03%
iter 206: loss 2.4335, time 49.62ms, mfu 0.03%
iter 207: loss 2.4737, time 45.15ms, mfu 0.03%
iter 208: loss 2.5757, time 45.76ms, mfu 0.03%
iter 209: loss 2.5170, time 46.84ms, mfu 0.03%
iter 210: loss 2.4383, time 47.21ms, mfu 0.03%
iter 211: loss 2.5232, time 52.49ms, mfu 0.03%
iter 212: loss 2.4883, time 55.90ms, mfu 0.03%
iter 213: loss 2.4534, time 48.49ms, mfu 0.03%
iter 214: loss 2.4333, time 47.21ms, mfu 0.03%
iter 215: loss 2.4588, time 46.35ms, mfu 0.03%
iter 216: loss 2.4149, time 46.85ms, mfu 0.03%
iter 217: loss 2.5277, time 46.35ms, mfu 0.03%
iter 218: loss 2.4445, time 47.44ms, mfu 0.03%
iter 219: loss 2.4581, time 47.77ms, mfu 0.03%
iter 220: loss 2.4819, time 47.59ms, mfu 0.03%
iter 221: loss 2.4933, time 47.35ms, mfu 0.03%
iter 222: loss 2.3986, time 47.53ms, mfu 0.03%
iter 223: loss 2.5525, time 49.56ms, mfu 0.03%
iter 224: loss 2.4601, time 48.31ms, mfu 0.03%
iter 225: loss 2.4983, time 48.06ms, mfu 0.03%
iter 226: loss 2.5152, time 46.00ms, mfu 0.03%
iter 227: loss 2.5382, time 51.35ms, mfu 0.03%
iter 228: loss 2.4621, time 49.77ms, mfu 0.03%
iter 229: loss 2.4577, time 49.49ms, mfu 0.03%
iter 230: loss 2.4909, time 48.14ms, mfu 0.03%
iter 231: loss 2.5002, time 47.93ms, mfu 0.03%
iter 232: loss 2.4474, time 46.90ms, mfu 0.03%
iter 233: loss 2.4427, time 45.98ms, mfu 0.03%
iter 234: loss 2.4957, time 46.12ms, mfu 0.03%
iter 235: loss 2.3699, time 47.69ms, mfu 0.03%
iter 236: loss 2.5107, time 47.02ms, mfu 0.03%
iter 237: loss 2.5447, time 45.21ms, mfu 0.03%
iter 238: loss 2.4147, time 46.11ms, mfu 0.03%
iter 239: loss 2.5157, time 45.77ms, mfu 0.03%
iter 240: loss 2.4572, time 48.27ms, mfu 0.03%
iter 241: loss 2.5086, time 47.52ms, mfu 0.03%
iter 242: loss 2.4717, time 47.63ms, mfu 0.03%
iter 243: loss 2.4674, time 46.08ms, mfu 0.03%
iter 244: loss 2.4992, time 46.93ms, mfu 0.03%
iter 245: loss 2.3835, time 47.44ms, mfu 0.03%
iter 246: loss 2.4849, time 46.96ms, mfu 0.03%
iter 247: loss 2.4474, time 50.67ms, mfu 0.03%
iter 248: loss 2.4856, time 47.30ms, mfu 0.03%
iter 249: loss 2.5209, time 45.05ms, mfu 0.03%
step 250: train loss 2.4534, val loss 2.4591
saving checkpoint to C:\Users\amitc\OneDrive\Desktop\Research\NanoGpt\nanoGPT\experiments\depth_ablation_6
iter 250: loss 2.3927, time 693.48ms, mfu 0.03%
iter 251: loss 2.3878, time 44.32ms, mfu 0.03%
iter 252: loss 2.4420, time 41.92ms, mfu 0.03%
iter 253: loss 2.4032, time 44.83ms, mfu 0.03%
iter 254: loss 2.4451, time 42.60ms, mfu 0.03%
iter 255: loss 2.4994, time 46.99ms, mfu 0.03%
iter 256: loss 2.4588, time 46.96ms, mfu 0.03%
iter 257: loss 2.4763, time 46.62ms, mfu 0.03%
iter 258: loss 2.4483, time 46.22ms, mfu 0.03%
iter 259: loss 2.4620, time 60.30ms, mfu 0.03%
iter 260: loss 2.4757, time 45.70ms, mfu 0.03%
iter 261: loss 2.4649, time 46.89ms, mfu 0.03%
iter 262: loss 2.3717, time 48.18ms, mfu 0.03%
iter 263: loss 2.3598, time 47.78ms, mfu 0.03%
iter 264: loss 2.3949, time 47.50ms, mfu 0.03%
iter 265: loss 2.4430, time 47.08ms, mfu 0.03%
iter 266: loss 2.5233, time 55.84ms, mfu 0.03%
iter 267: loss 2.3464, time 49.41ms, mfu 0.03%
iter 268: loss 2.3515, time 49.50ms, mfu 0.03%
iter 269: loss 2.4681, time 49.92ms, mfu 0.03%
iter 270: loss 2.4467, time 47.36ms, mfu 0.03%
iter 271: loss 2.4297, time 46.34ms, mfu 0.03%
iter 272: loss 2.3632, time 47.42ms, mfu 0.03%
iter 273: loss 2.4387, time 46.45ms, mfu 0.03%
iter 274: loss 2.4852, time 48.03ms, mfu 0.03%
iter 275: loss 2.4739, time 47.09ms, mfu 0.03%
iter 276: loss 2.3695, time 47.52ms, mfu 0.03%
iter 277: loss 2.4660, time 47.19ms, mfu 0.03%
iter 278: loss 2.5014, time 45.73ms, mfu 0.03%
iter 279: loss 2.4909, time 44.69ms, mfu 0.03%
iter 280: loss 2.4747, time 50.77ms, mfu 0.03%
iter 281: loss 2.4797, time 42.87ms, mfu 0.03%
iter 282: loss 2.3824, time 45.22ms, mfu 0.03%
iter 283: loss 2.4071, time 50.54ms, mfu 0.03%
iter 284: loss 2.4228, time 55.63ms, mfu 0.03%
iter 285: loss 2.4627, time 44.91ms, mfu 0.03%
iter 286: loss 2.3732, time 47.60ms, mfu 0.03%
iter 287: loss 2.3943, time 45.94ms, mfu 0.03%
iter 288: loss 2.4388, time 45.52ms, mfu 0.03%
iter 289: loss 2.3903, time 46.45ms, mfu 0.03%
iter 290: loss 2.4804, time 46.94ms, mfu 0.03%
iter 291: loss 2.3785, time 48.05ms, mfu 0.03%
iter 292: loss 2.5116, time 46.06ms, mfu 0.03%
iter 293: loss 2.4867, time 47.69ms, mfu 0.03%
iter 294: loss 2.3644, time 47.33ms, mfu 0.03%
iter 295: loss 2.3575, time 45.76ms, mfu 0.03%
iter 296: loss 2.3288, time 44.11ms, mfu 0.03%
iter 297: loss 2.3897, time 46.28ms, mfu 0.03%
iter 298: loss 2.4395, time 55.60ms, mfu 0.03%
iter 299: loss 2.4788, time 49.22ms, mfu 0.03%
iter 300: loss 2.3925, time 45.24ms, mfu 0.03%
iter 301: loss 2.4730, time 47.13ms, mfu 0.03%
iter 302: loss 2.3960, time 45.82ms, mfu 0.03%
iter 303: loss 2.4575, time 47.47ms, mfu 0.03%
iter 304: loss 2.4059, time 46.01ms, mfu 0.03%
iter 305: loss 2.4211, time 47.75ms, mfu 0.03%
iter 306: loss 2.4596, time 44.49ms, mfu 0.03%
iter 307: loss 2.3885, time 43.37ms, mfu 0.03%
iter 308: loss 2.3918, time 45.62ms, mfu 0.03%
iter 309: loss 2.3035, time 47.53ms, mfu 0.03%
iter 310: loss 2.4281, time 46.33ms, mfu 0.03%
iter 311: loss 2.4092, time 47.38ms, mfu 0.03%
iter 312: loss 2.3870, time 48.32ms, mfu 0.03%
iter 313: loss 2.3863, time 47.46ms, mfu 0.03%
iter 314: loss 2.4372, time 49.48ms, mfu 0.03%
iter 315: loss 2.4247, time 46.04ms, mfu 0.03%
iter 316: loss 2.4659, time 47.10ms, mfu 0.03%
iter 317: loss 2.4641, time 45.11ms, mfu 0.03%
iter 318: loss 2.3020, time 46.16ms, mfu 0.03%
iter 319: loss 2.2599, time 46.74ms, mfu 0.03%
iter 320: loss 2.3960, time 48.68ms, mfu 0.03%
iter 321: loss 2.2527, time 54.35ms, mfu 0.03%
iter 322: loss 2.3908, time 51.25ms, mfu 0.03%
iter 323: loss 2.3972, time 54.01ms, mfu 0.03%
iter 324: loss 2.4174, time 54.27ms, mfu 0.03%
iter 325: loss 2.3760, time 52.67ms, mfu 0.03%
iter 326: loss 2.4167, time 60.49ms, mfu 0.03%
iter 327: loss 2.3980, time 111.01ms, mfu 0.03%
iter 328: loss 2.3267, time 47.71ms, mfu 0.03%
iter 329: loss 2.3615, time 51.25ms, mfu 0.03%
iter 330: loss 2.4375, time 55.21ms, mfu 0.03%
iter 331: loss 2.3935, time 50.80ms, mfu 0.03%
iter 332: loss 2.4738, time 47.77ms, mfu 0.03%
iter 333: loss 2.3606, time 46.08ms, mfu 0.03%
iter 334: loss 2.4371, time 50.59ms, mfu 0.03%
iter 335: loss 2.4682, time 48.13ms, mfu 0.03%
iter 336: loss 2.4775, time 47.29ms, mfu 0.03%
iter 337: loss 2.4206, time 47.29ms, mfu 0.03%
iter 338: loss 2.3896, time 45.99ms, mfu 0.03%
iter 339: loss 2.4228, time 45.08ms, mfu 0.03%
iter 340: loss 2.4285, time 46.34ms, mfu 0.03%
iter 341: loss 2.3455, time 45.80ms, mfu 0.03%
iter 342: loss 2.4553, time 42.82ms, mfu 0.03%
iter 343: loss 2.4345, time 46.90ms, mfu 0.03%
iter 344: loss 2.4338, time 47.57ms, mfu 0.03%
iter 345: loss 2.3586, time 46.79ms, mfu 0.03%
iter 346: loss 2.3805, time 45.18ms, mfu 0.03%
iter 347: loss 2.3596, time 46.18ms, mfu 0.03%
iter 348: loss 2.3918, time 44.59ms, mfu 0.03%
iter 349: loss 2.3387, time 46.04ms, mfu 0.03%
iter 350: loss 2.3578, time 46.34ms, mfu 0.03%
iter 351: loss 2.4010, time 49.31ms, mfu 0.03%
iter 352: loss 2.4353, time 48.68ms, mfu 0.03%
iter 353: loss 2.3461, time 49.71ms, mfu 0.03%
iter 354: loss 2.3917, time 51.64ms, mfu 0.03%
iter 355: loss 2.4312, time 48.70ms, mfu 0.03%
iter 356: loss 2.2981, time 50.02ms, mfu 0.03%
iter 357: loss 2.3720, time 46.17ms, mfu 0.03%
iter 358: loss 2.3639, time 44.63ms, mfu 0.03%
iter 359: loss 2.4187, time 51.88ms, mfu 0.03%
iter 360: loss 2.4887, time 49.38ms, mfu 0.03%
iter 361: loss 2.3721, time 47.76ms, mfu 0.03%
iter 362: loss 2.4175, time 49.04ms, mfu 0.03%
iter 363: loss 2.4702, time 49.45ms, mfu 0.03%
iter 364: loss 2.3061, time 55.63ms, mfu 0.03%
iter 365: loss 2.3178, time 50.32ms, mfu 0.03%
iter 366: loss 2.4300, time 52.27ms, mfu 0.03%
iter 367: loss 2.4281, time 46.46ms, mfu 0.03%
iter 368: loss 2.3753, time 47.59ms, mfu 0.03%
iter 369: loss 2.3439, time 49.58ms, mfu 0.03%
iter 370: loss 2.4028, time 49.48ms, mfu 0.03%
iter 371: loss 2.4576, time 48.57ms, mfu 0.03%
iter 372: loss 2.4346, time 46.16ms, mfu 0.03%
iter 373: loss 2.3078, time 49.30ms, mfu 0.03%
iter 374: loss 2.3235, time 50.71ms, mfu 0.03%
iter 375: loss 2.3364, time 49.66ms, mfu 0.03%
iter 376: loss 2.4267, time 49.35ms, mfu 0.03%
iter 377: loss 2.3178, time 45.24ms, mfu 0.03%
iter 378: loss 2.3611, time 47.09ms, mfu 0.03%
iter 379: loss 2.3358, time 49.91ms, mfu 0.03%
iter 380: loss 2.3661, time 47.87ms, mfu 0.03%
iter 381: loss 2.3392, time 48.45ms, mfu 0.03%
iter 382: loss 2.4042, time 45.87ms, mfu 0.03%
iter 383: loss 2.3761, time 47.01ms, mfu 0.03%
iter 384: loss 2.3098, time 50.41ms, mfu 0.03%
iter 385: loss 2.4368, time 47.99ms, mfu 0.03%
iter 386: loss 2.3544, time 50.29ms, mfu 0.03%
iter 387: loss 2.3737, time 49.00ms, mfu 0.03%
iter 388: loss 2.3890, time 48.71ms, mfu 0.03%
iter 389: loss 2.3169, time 49.82ms, mfu 0.03%
iter 390: loss 2.3325, time 49.70ms, mfu 0.03%
iter 391: loss 2.3543, time 45.38ms, mfu 0.03%
iter 392: loss 2.4219, time 45.85ms, mfu 0.03%
iter 393: loss 2.3932, time 44.77ms, mfu 0.03%
iter 394: loss 2.3476, time 45.41ms, mfu 0.03%
iter 395: loss 2.4631, time 45.50ms, mfu 0.03%
iter 396: loss 2.4132, time 45.21ms, mfu 0.03%
iter 397: loss 2.4726, time 46.22ms, mfu 0.03%
iter 398: loss 2.4073, time 45.72ms, mfu 0.03%
iter 399: loss 2.3925, time 47.16ms, mfu 0.03%
iter 400: loss 2.4002, time 47.57ms, mfu 0.03%
iter 401: loss 2.3917, time 47.17ms, mfu 0.03%
iter 402: loss 2.3492, time 46.77ms, mfu 0.03%
iter 403: loss 2.4453, time 45.70ms, mfu 0.03%
iter 404: loss 2.3974, time 45.51ms, mfu 0.03%
iter 405: loss 2.3084, time 46.03ms, mfu 0.03%
iter 406: loss 2.4122, time 48.84ms, mfu 0.03%
iter 407: loss 2.3632, time 47.90ms, mfu 0.03%
iter 408: loss 2.4223, time 45.86ms, mfu 0.03%
iter 409: loss 2.3814, time 42.79ms, mfu 0.03%
iter 410: loss 2.3405, time 42.93ms, mfu 0.03%
iter 411: loss 2.3941, time 46.26ms, mfu 0.03%
iter 412: loss 2.3744, time 45.90ms, mfu 0.03%
iter 413: loss 2.3969, time 46.41ms, mfu 0.03%
iter 414: loss 2.3199, time 45.80ms, mfu 0.03%
iter 415: loss 2.3854, time 42.64ms, mfu 0.03%
iter 416: loss 2.2939, time 46.76ms, mfu 0.03%
iter 417: loss 2.3449, time 46.60ms, mfu 0.03%
iter 418: loss 2.3555, time 46.37ms, mfu 0.03%
iter 419: loss 2.3946, time 46.39ms, mfu 0.03%
iter 420: loss 2.3050, time 44.08ms, mfu 0.03%
iter 421: loss 2.3885, time 42.71ms, mfu 0.03%
iter 422: loss 2.3500, time 47.43ms, mfu 0.03%
iter 423: loss 2.3710, time 46.50ms, mfu 0.03%
iter 424: loss 2.3955, time 44.50ms, mfu 0.03%
iter 425: loss 2.3528, time 46.47ms, mfu 0.03%
iter 426: loss 2.3076, time 45.69ms, mfu 0.03%
iter 427: loss 2.2836, time 44.54ms, mfu 0.03%
iter 428: loss 2.3591, time 46.03ms, mfu 0.03%
iter 429: loss 2.2342, time 46.87ms, mfu 0.03%
iter 430: loss 2.3052, time 47.15ms, mfu 0.03%
iter 431: loss 2.3003, time 46.73ms, mfu 0.03%
iter 432: loss 2.3679, time 44.72ms, mfu 0.03%
iter 433: loss 2.3459, time 46.09ms, mfu 0.03%
iter 434: loss 2.3607, time 46.12ms, mfu 0.03%
iter 435: loss 2.4199, time 46.41ms, mfu 0.03%
iter 436: loss 2.3840, time 42.14ms, mfu 0.03%
iter 437: loss 2.3167, time 49.18ms, mfu 0.03%
iter 438: loss 2.3657, time 47.25ms, mfu 0.03%
iter 439: loss 2.2713, time 52.23ms, mfu 0.03%
iter 440: loss 2.3457, time 50.02ms, mfu 0.03%
iter 441: loss 2.3718, time 56.78ms, mfu 0.03%
iter 442: loss 2.3225, time 47.39ms, mfu 0.03%
iter 443: loss 2.3253, time 48.78ms, mfu 0.03%
iter 444: loss 2.2972, time 46.66ms, mfu 0.03%
iter 445: loss 2.3215, time 49.01ms, mfu 0.03%
iter 446: loss 2.3301, time 49.00ms, mfu 0.03%
iter 447: loss 2.3399, time 45.93ms, mfu 0.03%
iter 448: loss 2.4228, time 46.61ms, mfu 0.03%
iter 449: loss 2.3160, time 46.14ms, mfu 0.03%
iter 450: loss 2.4135, time 48.12ms, mfu 0.03%
iter 451: loss 2.3261, time 47.21ms, mfu 0.03%
iter 452: loss 2.3376, time 45.92ms, mfu 0.03%
iter 453: loss 2.3624, time 47.19ms, mfu 0.03%
iter 454: loss 2.2915, time 47.62ms, mfu 0.03%
iter 455: loss 2.3955, time 48.06ms, mfu 0.03%
iter 456: loss 2.3704, time 46.80ms, mfu 0.03%
iter 457: loss 2.2437, time 46.68ms, mfu 0.03%
iter 458: loss 2.3876, time 45.67ms, mfu 0.03%
iter 459: loss 2.3072, time 47.25ms, mfu 0.03%
iter 460: loss 2.4050, time 45.91ms, mfu 0.03%
iter 461: loss 2.3739, time 47.53ms, mfu 0.03%
iter 462: loss 2.4115, time 48.08ms, mfu 0.03%
iter 463: loss 2.2963, time 46.47ms, mfu 0.03%
iter 464: loss 2.4069, time 47.25ms, mfu 0.03%
iter 465: loss 2.2724, time 48.53ms, mfu 0.03%
iter 466: loss 2.3032, time 47.45ms, mfu 0.03%
iter 467: loss 2.2794, time 46.41ms, mfu 0.03%
iter 468: loss 2.2945, time 48.14ms, mfu 0.03%
iter 469: loss 2.3384, time 48.95ms, mfu 0.03%
iter 470: loss 2.3827, time 52.66ms, mfu 0.03%
iter 471: loss 2.4127, time 51.44ms, mfu 0.03%
iter 472: loss 2.3565, time 50.13ms, mfu 0.03%
iter 473: loss 2.2799, time 46.43ms, mfu 0.03%
iter 474: loss 2.2940, time 48.23ms, mfu 0.03%
iter 475: loss 2.2526, time 49.47ms, mfu 0.03%
iter 476: loss 2.2654, time 46.82ms, mfu 0.03%
iter 477: loss 2.3364, time 48.58ms, mfu 0.03%
iter 478: loss 2.2421, time 45.57ms, mfu 0.03%
iter 479: loss 2.3458, time 49.44ms, mfu 0.03%
iter 480: loss 2.3482, time 55.62ms, mfu 0.03%
iter 481: loss 2.3342, time 51.80ms, mfu 0.03%
iter 482: loss 2.3018, time 56.45ms, mfu 0.03%
iter 483: loss 2.2769, time 47.66ms, mfu 0.03%
iter 484: loss 2.3352, time 58.86ms, mfu 0.03%
iter 485: loss 2.2208, time 51.94ms, mfu 0.03%
iter 486: loss 2.3488, time 45.40ms, mfu 0.03%
iter 487: loss 2.2926, time 179.98ms, mfu 0.03%
iter 488: loss 2.3290, time 54.32ms, mfu 0.03%
iter 489: loss 2.2489, time 53.90ms, mfu 0.03%
iter 490: loss 2.3319, time 51.43ms, mfu 0.03%
iter 491: loss 2.3214, time 48.98ms, mfu 0.03%
iter 492: loss 2.3110, time 50.24ms, mfu 0.03%
iter 493: loss 2.2938, time 53.36ms, mfu 0.03%
iter 494: loss 2.3029, time 51.98ms, mfu 0.03%
iter 495: loss 2.3108, time 53.14ms, mfu 0.03%
iter 496: loss 2.2446, time 50.71ms, mfu 0.03%
iter 497: loss 2.3053, time 54.78ms, mfu 0.03%
iter 498: loss 2.2487, time 55.74ms, mfu 0.03%
iter 499: loss 2.3175, time 54.34ms, mfu 0.03%
step 500: train loss 2.2912, val loss 2.3199
saving checkpoint to C:\Users\amitc\OneDrive\Desktop\Research\NanoGpt\nanoGPT\experiments\depth_ablation_6
iter 500: loss 2.3170, time 699.39ms, mfu 0.03%
iter 501: loss 2.2527, time 52.99ms, mfu 0.03%
iter 502: loss 2.2884, time 48.27ms, mfu 0.03%
iter 503: loss 2.2575, time 49.16ms, mfu 0.03%
iter 504: loss 2.3176, time 48.54ms, mfu 0.03%
iter 505: loss 2.3040, time 49.21ms, mfu 0.03%
iter 506: loss 2.2795, time 54.71ms, mfu 0.03%
iter 507: loss 2.3690, time 47.43ms, mfu 0.03%
iter 508: loss 2.2962, time 55.16ms, mfu 0.03%
iter 509: loss 2.3308, time 53.19ms, mfu 0.03%
iter 510: loss 2.3254, time 53.66ms, mfu 0.03%
iter 511: loss 2.2819, time 50.82ms, mfu 0.03%
iter 512: loss 2.2672, time 51.55ms, mfu 0.03%
iter 513: loss 2.3569, time 49.12ms, mfu 0.03%
iter 514: loss 2.3582, time 51.07ms, mfu 0.03%
iter 515: loss 2.2640, time 51.14ms, mfu 0.03%
iter 516: loss 2.3092, time 50.81ms, mfu 0.03%
iter 517: loss 2.2678, time 49.87ms, mfu 0.03%
iter 518: loss 2.2619, time 49.18ms, mfu 0.03%
iter 519: loss 2.2555, time 50.78ms, mfu 0.03%
iter 520: loss 2.3328, time 50.31ms, mfu 0.03%
iter 521: loss 2.2716, time 48.19ms, mfu 0.03%
iter 522: loss 2.3228, time 49.81ms, mfu 0.03%
iter 523: loss 2.2411, time 50.70ms, mfu 0.03%
iter 524: loss 2.3374, time 58.53ms, mfu 0.03%
iter 525: loss 2.2185, time 52.46ms, mfu 0.03%
iter 526: loss 2.3092, time 48.44ms, mfu 0.03%
iter 527: loss 2.2811, time 48.94ms, mfu 0.03%
iter 528: loss 2.2955, time 51.82ms, mfu 0.03%
iter 529: loss 2.3000, time 55.58ms, mfu 0.03%
iter 530: loss 2.2917, time 50.19ms, mfu 0.03%
iter 531: loss 2.3479, time 47.72ms, mfu 0.03%
iter 532: loss 2.2766, time 49.77ms, mfu 0.03%
iter 533: loss 2.2492, time 50.48ms, mfu 0.03%
iter 534: loss 2.2718, time 50.56ms, mfu 0.03%
iter 535: loss 2.3067, time 50.26ms, mfu 0.03%
iter 536: loss 2.2548, time 53.68ms, mfu 0.03%
iter 537: loss 2.3160, time 49.36ms, mfu 0.03%
iter 538: loss 2.2707, time 51.70ms, mfu 0.03%
iter 539: loss 2.3064, time 49.96ms, mfu 0.03%
iter 540: loss 2.2415, time 55.12ms, mfu 0.03%
iter 541: loss 2.2701, time 46.55ms, mfu 0.03%
iter 542: loss 2.1829, time 47.91ms, mfu 0.03%
iter 543: loss 2.2641, time 48.48ms, mfu 0.03%
iter 544: loss 2.2834, time 50.75ms, mfu 0.03%
iter 545: loss 2.2584, time 54.57ms, mfu 0.03%
iter 546: loss 2.2397, time 46.02ms, mfu 0.03%
iter 547: loss 2.2852, time 48.79ms, mfu 0.03%
iter 548: loss 2.2363, time 52.79ms, mfu 0.03%
iter 549: loss 2.1772, time 53.62ms, mfu 0.03%
iter 550: loss 2.2415, time 51.61ms, mfu 0.03%
iter 551: loss 2.2020, time 51.37ms, mfu 0.03%
iter 552: loss 2.2785, time 53.48ms, mfu 0.03%
iter 553: loss 2.1881, time 50.62ms, mfu 0.03%
iter 554: loss 2.2935, time 49.88ms, mfu 0.03%
iter 555: loss 2.3399, time 53.91ms, mfu 0.03%
iter 556: loss 2.2578, time 46.93ms, mfu 0.03%
iter 557: loss 2.3515, time 54.34ms, mfu 0.03%
iter 558: loss 2.2667, time 48.97ms, mfu 0.03%
iter 559: loss 2.2661, time 49.94ms, mfu 0.03%
iter 560: loss 2.2477, time 48.70ms, mfu 0.03%
iter 561: loss 2.4355, time 47.46ms, mfu 0.03%
iter 562: loss 2.1986, time 49.46ms, mfu 0.03%
iter 563: loss 2.2508, time 48.69ms, mfu 0.03%
iter 564: loss 2.1781, time 54.70ms, mfu 0.03%
iter 565: loss 2.3214, time 47.98ms, mfu 0.03%
iter 566: loss 2.2558, time 45.53ms, mfu 0.03%
iter 567: loss 2.2376, time 52.42ms, mfu 0.03%
iter 568: loss 2.2391, time 52.75ms, mfu 0.03%
iter 569: loss 2.2063, time 48.58ms, mfu 0.03%
iter 570: loss 2.2899, time 46.93ms, mfu 0.03%
iter 571: loss 2.2239, time 46.41ms, mfu 0.03%
iter 572: loss 2.2702, time 48.13ms, mfu 0.03%
iter 573: loss 2.2491, time 46.49ms, mfu 0.03%
iter 574: loss 2.2012, time 49.30ms, mfu 0.03%
iter 575: loss 2.3802, time 48.98ms, mfu 0.03%
iter 576: loss 2.3197, time 55.84ms, mfu 0.03%
iter 577: loss 2.2237, time 50.37ms, mfu 0.03%
iter 578: loss 2.2024, time 47.61ms, mfu 0.03%
iter 579: loss 2.2606, time 48.34ms, mfu 0.03%
iter 580: loss 2.2506, time 47.42ms, mfu 0.03%
iter 581: loss 2.2019, time 47.49ms, mfu 0.03%
iter 582: loss 2.2867, time 47.20ms, mfu 0.03%
iter 583: loss 2.2513, time 48.97ms, mfu 0.03%
iter 584: loss 2.2961, time 49.49ms, mfu 0.03%
iter 585: loss 2.2997, time 49.09ms, mfu 0.03%
iter 586: loss 2.3330, time 49.13ms, mfu 0.03%
iter 587: loss 2.3119, time 52.39ms, mfu 0.03%
iter 588: loss 2.2439, time 52.00ms, mfu 0.03%
iter 589: loss 2.3786, time 53.05ms, mfu 0.03%
iter 590: loss 2.3161, time 51.60ms, mfu 0.03%
iter 591: loss 2.2521, time 47.29ms, mfu 0.03%
iter 592: loss 2.2614, time 50.45ms, mfu 0.03%
iter 593: loss 2.2777, time 56.80ms, mfu 0.03%
iter 594: loss 2.3396, time 51.74ms, mfu 0.03%
iter 595: loss 2.2795, time 52.47ms, mfu 0.03%
iter 596: loss 2.3017, time 48.32ms, mfu 0.03%
iter 597: loss 2.2125, time 53.86ms, mfu 0.03%
iter 598: loss 2.2431, time 57.10ms, mfu 0.03%
iter 599: loss 2.2025, time 58.67ms, mfu 0.03%
iter 600: loss 2.3111, time 54.01ms, mfu 0.03%
iter 601: loss 2.2820, time 53.00ms, mfu 0.03%
iter 602: loss 2.2441, time 51.25ms, mfu 0.03%
iter 603: loss 2.1644, time 50.16ms, mfu 0.03%
iter 604: loss 2.2760, time 48.69ms, mfu 0.03%
iter 605: loss 2.2872, time 45.64ms, mfu 0.03%
iter 606: loss 2.2148, time 49.59ms, mfu 0.03%
iter 607: loss 2.2080, time 51.52ms, mfu 0.03%
iter 608: loss 2.1427, time 50.85ms, mfu 0.03%
iter 609: loss 2.2529, time 50.40ms, mfu 0.03%
iter 610: loss 2.2568, time 49.86ms, mfu 0.03%
iter 611: loss 2.2788, time 62.28ms, mfu 0.03%
iter 612: loss 2.3167, time 51.31ms, mfu 0.03%
iter 613: loss 2.2444, time 50.50ms, mfu 0.03%
iter 614: loss 2.3019, time 47.23ms, mfu 0.03%
iter 615: loss 2.2502, time 47.22ms, mfu 0.03%
iter 616: loss 2.2175, time 47.82ms, mfu 0.03%
iter 617: loss 2.2301, time 49.91ms, mfu 0.03%
iter 618: loss 2.2684, time 50.22ms, mfu 0.03%
iter 619: loss 2.2246, time 50.84ms, mfu 0.03%
iter 620: loss 2.2895, time 47.17ms, mfu 0.03%
iter 621: loss 2.1948, time 48.99ms, mfu 0.03%
iter 622: loss 2.3494, time 56.70ms, mfu 0.03%
iter 623: loss 2.3123, time 49.61ms, mfu 0.03%
iter 624: loss 2.2351, time 48.47ms, mfu 0.03%
iter 625: loss 2.1707, time 47.55ms, mfu 0.03%
iter 626: loss 2.3470, time 49.72ms, mfu 0.03%
iter 627: loss 2.2128, time 50.58ms, mfu 0.03%
iter 628: loss 2.2261, time 58.22ms, mfu 0.03%
iter 629: loss 2.2579, time 48.67ms, mfu 0.03%
iter 630: loss 2.2956, time 48.52ms, mfu 0.03%
iter 631: loss 2.2739, time 56.13ms, mfu 0.03%
iter 632: loss 2.2331, time 50.15ms, mfu 0.03%
iter 633: loss 2.2604, time 50.12ms, mfu 0.03%
iter 634: loss 2.2972, time 49.39ms, mfu 0.03%
iter 635: loss 2.2112, time 47.60ms, mfu 0.03%
iter 636: loss 2.1964, time 48.17ms, mfu 0.03%
iter 637: loss 2.1946, time 50.03ms, mfu 0.03%
iter 638: loss 2.3179, time 49.93ms, mfu 0.03%
iter 639: loss 2.2266, time 48.71ms, mfu 0.03%
iter 640: loss 2.2875, time 47.96ms, mfu 0.03%
iter 641: loss 2.2673, time 48.33ms, mfu 0.03%
iter 642: loss 2.2274, time 49.25ms, mfu 0.03%
iter 643: loss 2.2371, time 56.86ms, mfu 0.03%
iter 644: loss 2.2353, time 49.51ms, mfu 0.03%
iter 645: loss 2.2413, time 49.15ms, mfu 0.03%
iter 646: loss 2.1719, time 49.08ms, mfu 0.03%
iter 647: loss 2.1750, time 51.51ms, mfu 0.03%
iter 648: loss 2.1533, time 50.47ms, mfu 0.03%
iter 649: loss 2.2789, time 56.47ms, mfu 0.03%
iter 650: loss 2.2036, time 47.65ms, mfu 0.03%
iter 651: loss 2.2228, time 49.69ms, mfu 0.03%
iter 652: loss 2.1344, time 47.87ms, mfu 0.03%
iter 653: loss 2.2126, time 49.54ms, mfu 0.03%
iter 654: loss 2.1686, time 50.58ms, mfu 0.03%
iter 655: loss 2.1948, time 46.33ms, mfu 0.03%
iter 656: loss 2.2107, time 48.67ms, mfu 0.03%
iter 657: loss 2.2160, time 50.23ms, mfu 0.03%
iter 658: loss 2.1298, time 49.02ms, mfu 0.03%
iter 659: loss 2.1869, time 48.59ms, mfu 0.03%
iter 660: loss 2.2652, time 48.06ms, mfu 0.03%
iter 661: loss 2.1956, time 46.72ms, mfu 0.03%
iter 662: loss 2.1603, time 46.04ms, mfu 0.03%
iter 663: loss 2.2043, time 48.44ms, mfu 0.03%
iter 664: loss 2.2626, time 47.31ms, mfu 0.03%
iter 665: loss 2.2550, time 47.76ms, mfu 0.03%
iter 666: loss 2.3050, time 48.70ms, mfu 0.03%
iter 667: loss 2.2871, time 53.63ms, mfu 0.03%
iter 668: loss 2.1696, time 49.61ms, mfu 0.03%
iter 669: loss 2.1711, time 49.32ms, mfu 0.03%
iter 670: loss 2.2169, time 47.21ms, mfu 0.03%
iter 671: loss 2.2250, time 49.35ms, mfu 0.03%
iter 672: loss 2.1759, time 50.48ms, mfu 0.03%
iter 673: loss 2.2101, time 47.90ms, mfu 0.03%
iter 674: loss 2.2155, time 50.11ms, mfu 0.03%
iter 675: loss 2.1473, time 47.84ms, mfu 0.03%
iter 676: loss 2.2024, time 47.90ms, mfu 0.03%
iter 677: loss 2.2657, time 51.41ms, mfu 0.03%
iter 678: loss 2.2494, time 49.36ms, mfu 0.03%
iter 679: loss 2.1551, time 50.92ms, mfu 0.03%
iter 680: loss 2.1815, time 49.19ms, mfu 0.03%
iter 681: loss 2.0834, time 46.11ms, mfu 0.03%
iter 682: loss 2.3249, time 48.32ms, mfu 0.03%
iter 683: loss 2.1385, time 49.62ms, mfu 0.03%
iter 684: loss 2.2400, time 47.72ms, mfu 0.03%
iter 685: loss 2.1515, time 48.15ms, mfu 0.03%
iter 686: loss 2.2433, time 47.97ms, mfu 0.03%
iter 687: loss 2.1397, time 47.81ms, mfu 0.03%
iter 688: loss 2.2847, time 50.47ms, mfu 0.03%
iter 689: loss 2.1751, time 54.95ms, mfu 0.03%
iter 690: loss 2.1610, time 49.71ms, mfu 0.03%
iter 691: loss 2.2754, time 50.10ms, mfu 0.03%
iter 692: loss 2.3132, time 52.65ms, mfu 0.03%
iter 693: loss 2.2645, time 50.14ms, mfu 0.03%
iter 694: loss 2.3498, time 48.73ms, mfu 0.03%
iter 695: loss 2.1393, time 56.37ms, mfu 0.03%
iter 696: loss 2.2187, time 45.39ms, mfu 0.03%
iter 697: loss 2.2129, time 47.18ms, mfu 0.03%
iter 698: loss 2.2642, time 50.55ms, mfu 0.03%
iter 699: loss 2.2764, time 48.86ms, mfu 0.03%
iter 700: loss 2.2631, time 48.77ms, mfu 0.03%
iter 701: loss 2.1698, time 48.73ms, mfu 0.03%
iter 702: loss 2.2181, time 48.29ms, mfu 0.03%
iter 703: loss 2.2549, time 49.68ms, mfu 0.03%
iter 704: loss 2.2539, time 51.70ms, mfu 0.03%
iter 705: loss 2.2012, time 49.00ms, mfu 0.03%
iter 706: loss 2.1683, time 47.14ms, mfu 0.03%
iter 707: loss 2.1931, time 49.54ms, mfu 0.03%
iter 708: loss 2.1982, time 57.33ms, mfu 0.03%
iter 709: loss 2.1614, time 54.66ms, mfu 0.03%
iter 710: loss 2.1102, time 51.45ms, mfu 0.03%
iter 711: loss 2.1592, time 50.92ms, mfu 0.03%
iter 712: loss 2.2415, time 52.52ms, mfu 0.03%
iter 713: loss 2.1348, time 53.38ms, mfu 0.03%
iter 714: loss 2.1230, time 50.94ms, mfu 0.03%
iter 715: loss 2.2343, time 47.26ms, mfu 0.03%
iter 716: loss 2.1085, time 53.57ms, mfu 0.03%
iter 717: loss 2.1149, time 48.36ms, mfu 0.03%
iter 718: loss 2.1677, time 49.86ms, mfu 0.03%
iter 719: loss 2.1800, time 50.06ms, mfu 0.03%
iter 720: loss 2.1469, time 51.96ms, mfu 0.03%
iter 721: loss 2.2666, time 47.96ms, mfu 0.03%
iter 722: loss 2.1734, time 48.34ms, mfu 0.03%
iter 723: loss 2.1984, time 49.82ms, mfu 0.03%
iter 724: loss 2.2637, time 48.94ms, mfu 0.03%
iter 725: loss 2.1782, time 48.54ms, mfu 0.03%
iter 726: loss 2.2198, time 48.42ms, mfu 0.03%
iter 727: loss 2.1981, time 51.16ms, mfu 0.03%
iter 728: loss 2.0976, time 51.38ms, mfu 0.03%
iter 729: loss 2.1563, time 50.58ms, mfu 0.03%
iter 730: loss 2.1504, time 48.81ms, mfu 0.03%
iter 731: loss 2.1724, time 48.10ms, mfu 0.03%
iter 732: loss 2.1223, time 51.26ms, mfu 0.03%
iter 733: loss 2.1196, time 52.02ms, mfu 0.03%
iter 734: loss 2.1905, time 49.81ms, mfu 0.03%
iter 735: loss 2.1165, time 49.09ms, mfu 0.03%
iter 736: loss 2.1344, time 46.66ms, mfu 0.03%
iter 737: loss 2.2490, time 48.27ms, mfu 0.03%
iter 738: loss 2.2258, time 49.79ms, mfu 0.03%
iter 739: loss 2.1645, time 48.97ms, mfu 0.03%
iter 740: loss 2.2910, time 46.88ms, mfu 0.03%
iter 741: loss 2.1373, time 46.90ms, mfu 0.03%
iter 742: loss 2.2794, time 50.34ms, mfu 0.03%
iter 743: loss 2.1881, time 51.35ms, mfu 0.03%
iter 744: loss 2.1960, time 47.85ms, mfu 0.03%
iter 745: loss 2.2088, time 48.34ms, mfu 0.03%
iter 746: loss 2.1038, time 48.56ms, mfu 0.03%
iter 747: loss 2.1950, time 49.63ms, mfu 0.03%
iter 748: loss 2.2410, time 49.24ms, mfu 0.03%
iter 749: loss 2.0817, time 49.53ms, mfu 0.03%
step 750: train loss 2.1701, val loss 2.2108
saving checkpoint to C:\Users\amitc\OneDrive\Desktop\Research\NanoGpt\nanoGPT\experiments\depth_ablation_6
iter 750: loss 2.0800, time 683.38ms, mfu 0.03%
iter 751: loss 2.1461, time 49.11ms, mfu 0.03%
iter 752: loss 2.1738, time 49.21ms, mfu 0.03%
iter 753: loss 2.2902, time 48.13ms, mfu 0.03%
iter 754: loss 2.1506, time 48.12ms, mfu 0.03%
iter 755: loss 2.1087, time 49.99ms, mfu 0.03%
iter 756: loss 2.1914, time 49.88ms, mfu 0.03%
iter 757: loss 2.1320, time 52.03ms, mfu 0.03%
iter 758: loss 2.1621, time 48.17ms, mfu 0.03%
iter 759: loss 2.1568, time 50.86ms, mfu 0.03%
iter 760: loss 2.1381, time 52.43ms, mfu 0.03%
iter 761: loss 2.1778, time 52.65ms, mfu 0.03%
iter 762: loss 2.1122, time 53.10ms, mfu 0.03%
iter 763: loss 2.2146, time 50.49ms, mfu 0.03%
iter 764: loss 2.1860, time 50.86ms, mfu 0.03%
iter 765: loss 2.1749, time 53.95ms, mfu 0.03%
iter 766: loss 2.2167, time 52.53ms, mfu 0.03%
iter 767: loss 2.1618, time 51.13ms, mfu 0.03%
iter 768: loss 2.0910, time 48.81ms, mfu 0.03%
iter 769: loss 2.2283, time 53.60ms, mfu 0.03%
iter 770: loss 2.0841, time 62.62ms, mfu 0.03%
iter 771: loss 2.0505, time 64.11ms, mfu 0.03%
iter 772: loss 2.2411, time 66.11ms, mfu 0.03%
iter 773: loss 2.0887, time 78.34ms, mfu 0.03%
iter 774: loss 2.2145, time 69.05ms, mfu 0.03%
iter 775: loss 2.2071, time 60.63ms, mfu 0.03%
iter 776: loss 2.1544, time 58.88ms, mfu 0.03%
iter 777: loss 2.1529, time 58.32ms, mfu 0.03%
iter 778: loss 2.1584, time 57.96ms, mfu 0.03%
iter 779: loss 2.2062, time 53.24ms, mfu 0.03%
iter 780: loss 2.1279, time 52.59ms, mfu 0.03%
iter 781: loss 2.2025, time 59.23ms, mfu 0.03%
iter 782: loss 2.1997, time 52.76ms, mfu 0.03%
iter 783: loss 2.1327, time 51.50ms, mfu 0.03%
iter 784: loss 2.1904, time 50.09ms, mfu 0.03%
iter 785: loss 2.2213, time 48.65ms, mfu 0.03%
iter 786: loss 2.1140, time 49.10ms, mfu 0.03%
iter 787: loss 2.0755, time 49.62ms, mfu 0.03%
iter 788: loss 2.1483, time 49.52ms, mfu 0.03%
iter 789: loss 2.1526, time 48.33ms, mfu 0.03%
iter 790: loss 2.1947, time 47.90ms, mfu 0.03%
iter 791: loss 2.1256, time 47.69ms, mfu 0.03%
iter 792: loss 2.1029, time 48.95ms, mfu 0.03%
iter 793: loss 2.0619, time 50.12ms, mfu 0.03%
iter 794: loss 2.0464, time 49.27ms, mfu 0.03%
iter 795: loss 2.1298, time 48.07ms, mfu 0.03%
iter 796: loss 2.2129, time 46.02ms, mfu 0.03%
iter 797: loss 2.1085, time 48.24ms, mfu 0.03%
iter 798: loss 2.1968, time 49.15ms, mfu 0.03%
iter 799: loss 2.1484, time 46.64ms, mfu 0.03%
iter 800: loss 2.1533, time 49.19ms, mfu 0.03%
iter 801: loss 2.1055, time 45.50ms, mfu 0.03%
iter 802: loss 2.1291, time 49.84ms, mfu 0.03%
iter 803: loss 2.1918, time 56.31ms, mfu 0.03%
iter 804: loss 2.1749, time 49.94ms, mfu 0.03%
iter 805: loss 2.0677, time 45.95ms, mfu 0.03%
iter 806: loss 2.1067, time 45.22ms, mfu 0.03%
iter 807: loss 2.1933, time 49.29ms, mfu 0.03%
iter 808: loss 2.2231, time 48.78ms, mfu 0.03%
iter 809: loss 2.0854, time 49.59ms, mfu 0.03%
iter 810: loss 2.1162, time 48.00ms, mfu 0.03%
iter 811: loss 2.1178, time 47.08ms, mfu 0.03%
iter 812: loss 2.1397, time 47.98ms, mfu 0.03%
iter 813: loss 2.1371, time 51.16ms, mfu 0.03%
iter 814: loss 2.1136, time 57.18ms, mfu 0.03%
iter 815: loss 2.1357, time 48.54ms, mfu 0.03%
iter 816: loss 2.1248, time 46.59ms, mfu 0.03%
iter 817: loss 2.1475, time 48.11ms, mfu 0.03%
iter 818: loss 2.0730, time 48.66ms, mfu 0.03%
iter 819: loss 2.1201, time 49.84ms, mfu 0.03%
iter 820: loss 2.0550, time 48.59ms, mfu 0.03%
iter 821: loss 2.1117, time 42.14ms, mfu 0.03%
iter 822: loss 2.0949, time 47.51ms, mfu 0.03%
iter 823: loss 2.0865, time 48.27ms, mfu 0.03%
iter 824: loss 2.0987, time 48.77ms, mfu 0.03%
iter 825: loss 2.0489, time 46.41ms, mfu 0.03%
iter 826: loss 2.1449, time 45.67ms, mfu 0.03%
iter 827: loss 2.0694, time 47.67ms, mfu 0.03%
iter 828: loss 2.1631, time 48.57ms, mfu 0.03%
iter 829: loss 2.0903, time 48.68ms, mfu 0.03%
iter 830: loss 2.0701, time 48.86ms, mfu 0.03%
iter 831: loss 2.0941, time 48.56ms, mfu 0.03%
iter 832: loss 2.0808, time 53.85ms, mfu 0.03%
iter 833: loss 2.1503, time 51.90ms, mfu 0.03%
iter 834: loss 2.2383, time 50.64ms, mfu 0.03%
iter 835: loss 2.1736, time 54.24ms, mfu 0.03%
iter 836: loss 2.1266, time 50.97ms, mfu 0.03%
iter 837: loss 2.1995, time 46.63ms, mfu 0.03%
iter 838: loss 2.1386, time 48.42ms, mfu 0.03%
iter 839: loss 2.0687, time 50.29ms, mfu 0.03%
iter 840: loss 2.1142, time 48.29ms, mfu 0.03%
iter 841: loss 2.1605, time 46.53ms, mfu 0.03%
iter 842: loss 2.0817, time 47.38ms, mfu 0.03%
iter 843: loss 2.0937, time 49.58ms, mfu 0.03%
iter 844: loss 1.9885, time 49.55ms, mfu 0.03%
iter 845: loss 2.1630, time 46.81ms, mfu 0.03%
iter 846: loss 2.2015, time 47.97ms, mfu 0.03%
iter 847: loss 2.1004, time 46.60ms, mfu 0.03%
iter 848: loss 2.1439, time 49.21ms, mfu 0.03%
iter 849: loss 2.1398, time 48.23ms, mfu 0.03%
iter 850: loss 2.1624, time 49.62ms, mfu 0.03%
iter 851: loss 2.2116, time 48.17ms, mfu 0.03%
iter 852: loss 2.0819, time 47.66ms, mfu 0.03%
iter 853: loss 2.2060, time 50.82ms, mfu 0.03%
iter 854: loss 1.9926, time 49.18ms, mfu 0.03%
iter 855: loss 2.1311, time 47.79ms, mfu 0.03%
iter 856: loss 2.2051, time 47.72ms, mfu 0.03%
iter 857: loss 2.0792, time 47.70ms, mfu 0.03%
iter 858: loss 2.1601, time 50.64ms, mfu 0.03%
iter 859: loss 2.1286, time 48.09ms, mfu 0.03%
iter 860: loss 2.1336, time 51.23ms, mfu 0.03%
iter 861: loss 2.0412, time 47.95ms, mfu 0.03%
iter 862: loss 2.1023, time 45.99ms, mfu 0.03%
iter 863: loss 2.0274, time 48.61ms, mfu 0.03%
iter 864: loss 2.1389, time 50.60ms, mfu 0.03%
iter 865: loss 2.1545, time 50.23ms, mfu 0.03%
iter 866: loss 2.0944, time 47.69ms, mfu 0.03%
iter 867: loss 2.0043, time 47.35ms, mfu 0.03%
iter 868: loss 2.1918, time 47.08ms, mfu 0.03%
iter 869: loss 2.0959, time 48.49ms, mfu 0.03%
iter 870: loss 2.1182, time 46.92ms, mfu 0.03%
iter 871: loss 2.1063, time 47.29ms, mfu 0.03%
iter 872: loss 2.0285, time 47.03ms, mfu 0.03%
iter 873: loss 2.1220, time 46.76ms, mfu 0.03%
iter 874: loss 2.1114, time 48.23ms, mfu 0.03%
iter 875: loss 2.0876, time 49.00ms, mfu 0.03%
iter 876: loss 2.1762, time 50.96ms, mfu 0.03%
iter 877: loss 2.1646, time 50.68ms, mfu 0.03%
iter 878: loss 2.0665, time 43.84ms, mfu 0.03%
iter 879: loss 2.0876, time 47.97ms, mfu 0.03%
iter 880: loss 2.2169, time 50.45ms, mfu 0.03%
iter 881: loss 2.1038, time 49.61ms, mfu 0.03%
iter 882: loss 2.1596, time 48.81ms, mfu 0.03%
iter 883: loss 2.0852, time 48.13ms, mfu 0.03%
iter 884: loss 2.0532, time 47.51ms, mfu 0.03%
iter 885: loss 2.0836, time 47.93ms, mfu 0.03%
iter 886: loss 2.0505, time 47.56ms, mfu 0.03%
iter 887: loss 2.1312, time 48.14ms, mfu 0.03%
iter 888: loss 2.0127, time 47.13ms, mfu 0.03%
iter 889: loss 2.1199, time 47.87ms, mfu 0.03%
iter 890: loss 2.1357, time 48.52ms, mfu 0.03%
iter 891: loss 2.0926, time 48.76ms, mfu 0.03%
iter 892: loss 2.0878, time 48.95ms, mfu 0.03%
iter 893: loss 2.0638, time 46.11ms, mfu 0.03%
iter 894: loss 2.1589, time 46.20ms, mfu 0.03%
iter 895: loss 2.0406, time 49.91ms, mfu 0.03%
iter 896: loss 2.0218, time 49.76ms, mfu 0.03%
iter 897: loss 2.0930, time 46.82ms, mfu 0.03%
iter 898: loss 2.0101, time 46.01ms, mfu 0.03%
iter 899: loss 2.0279, time 46.86ms, mfu 0.03%
iter 900: loss 2.0811, time 46.89ms, mfu 0.03%
iter 901: loss 2.1292, time 48.59ms, mfu 0.03%
iter 902: loss 2.0619, time 49.85ms, mfu 0.03%
iter 903: loss 2.1078, time 47.23ms, mfu 0.03%
iter 904: loss 2.1971, time 46.59ms, mfu 0.03%
iter 905: loss 2.0754, time 47.04ms, mfu 0.03%
iter 906: loss 2.0520, time 48.85ms, mfu 0.03%
iter 907: loss 2.0800, time 47.30ms, mfu 0.03%
iter 908: loss 2.1400, time 45.69ms, mfu 0.03%
iter 909: loss 1.9969, time 45.46ms, mfu 0.03%
iter 910: loss 2.0787, time 47.65ms, mfu 0.03%
iter 911: loss 2.1311, time 49.03ms, mfu 0.03%
iter 912: loss 2.0991, time 48.37ms, mfu 0.03%
iter 913: loss 2.0042, time 47.29ms, mfu 0.03%
iter 914: loss 2.1427, time 47.02ms, mfu 0.03%
iter 915: loss 2.0542, time 48.00ms, mfu 0.03%
iter 916: loss 2.1636, time 47.47ms, mfu 0.03%
iter 917: loss 2.1149, time 49.49ms, mfu 0.03%
iter 918: loss 2.1270, time 49.35ms, mfu 0.03%
iter 919: loss 2.0823, time 47.03ms, mfu 0.03%
iter 920: loss 2.0825, time 54.35ms, mfu 0.03%
iter 921: loss 2.0833, time 49.38ms, mfu 0.03%
iter 922: loss 2.1161, time 48.75ms, mfu 0.03%
iter 923: loss 2.1049, time 47.91ms, mfu 0.03%
iter 924: loss 2.0092, time 48.13ms, mfu 0.03%
iter 925: loss 2.0892, time 46.84ms, mfu 0.03%
iter 926: loss 2.0465, time 47.51ms, mfu 0.03%
iter 927: loss 2.0813, time 48.67ms, mfu 0.03%
iter 928: loss 1.9230, time 46.80ms, mfu 0.03%
iter 929: loss 2.0096, time 47.32ms, mfu 0.03%
iter 930: loss 2.0755, time 47.23ms, mfu 0.03%
iter 931: loss 2.0677, time 48.54ms, mfu 0.03%
iter 932: loss 2.1401, time 49.55ms, mfu 0.03%
iter 933: loss 2.0835, time 46.35ms, mfu 0.03%
iter 934: loss 2.1209, time 47.67ms, mfu 0.03%
iter 935: loss 2.0759, time 48.31ms, mfu 0.03%
iter 936: loss 2.0734, time 48.25ms, mfu 0.03%
iter 937: loss 2.1505, time 50.14ms, mfu 0.03%
iter 938: loss 2.0797, time 47.62ms, mfu 0.03%
iter 939: loss 2.1564, time 49.40ms, mfu 0.03%
iter 940: loss 2.0406, time 46.02ms, mfu 0.03%
iter 941: loss 2.2336, time 44.65ms, mfu 0.03%
iter 942: loss 2.0168, time 53.68ms, mfu 0.03%
iter 943: loss 2.0422, time 48.18ms, mfu 0.03%
iter 944: loss 2.1869, time 46.70ms, mfu 0.03%
iter 945: loss 2.1464, time 47.90ms, mfu 0.03%
iter 946: loss 2.0438, time 44.28ms, mfu 0.03%
iter 947: loss 2.0194, time 47.77ms, mfu 0.03%
iter 948: loss 2.1194, time 46.40ms, mfu 0.03%
iter 949: loss 2.1339, time 47.48ms, mfu 0.03%
iter 950: loss 2.1228, time 49.99ms, mfu 0.03%
iter 951: loss 2.0592, time 47.87ms, mfu 0.03%
iter 952: loss 2.0369, time 48.53ms, mfu 0.03%
iter 953: loss 2.0603, time 47.84ms, mfu 0.03%
iter 954: loss 2.0651, time 46.78ms, mfu 0.03%
iter 955: loss 2.0896, time 48.32ms, mfu 0.03%
iter 956: loss 2.0413, time 45.40ms, mfu 0.03%
iter 957: loss 2.0603, time 48.21ms, mfu 0.03%
iter 958: loss 2.0224, time 49.94ms, mfu 0.03%
iter 959: loss 2.0958, time 49.37ms, mfu 0.03%
iter 960: loss 2.0281, time 49.78ms, mfu 0.03%
iter 961: loss 2.0738, time 46.58ms, mfu 0.03%
iter 962: loss 2.0318, time 48.27ms, mfu 0.03%
iter 963: loss 2.0780, time 49.98ms, mfu 0.03%
iter 964: loss 1.9877, time 49.00ms, mfu 0.03%
iter 965: loss 1.9603, time 48.86ms, mfu 0.03%
iter 966: loss 2.0610, time 43.02ms, mfu 0.03%
iter 967: loss 2.0865, time 48.03ms, mfu 0.03%
iter 968: loss 2.0208, time 48.46ms, mfu 0.03%
iter 969: loss 2.0038, time 48.32ms, mfu 0.03%
iter 970: loss 2.0477, time 48.84ms, mfu 0.03%
iter 971: loss 2.0437, time 46.48ms, mfu 0.03%
iter 972: loss 2.1159, time 48.03ms, mfu 0.03%
iter 973: loss 2.0524, time 51.24ms, mfu 0.03%
iter 974: loss 2.0985, time 47.69ms, mfu 0.03%
iter 975: loss 2.0871, time 47.95ms, mfu 0.03%
iter 976: loss 2.1086, time 48.13ms, mfu 0.03%
iter 977: loss 2.0258, time 47.20ms, mfu 0.03%
iter 978: loss 2.0591, time 52.04ms, mfu 0.03%
iter 979: loss 2.0031, time 49.14ms, mfu 0.03%
iter 980: loss 2.0439, time 46.71ms, mfu 0.03%
iter 981: loss 2.0573, time 48.36ms, mfu 0.03%
iter 982: loss 2.0035, time 47.36ms, mfu 0.03%
iter 983: loss 2.0732, time 48.70ms, mfu 0.03%
iter 984: loss 2.0944, time 48.76ms, mfu 0.03%
iter 985: loss 2.0902, time 48.43ms, mfu 0.03%
iter 986: loss 2.0786, time 48.51ms, mfu 0.03%
iter 987: loss 2.1068, time 45.95ms, mfu 0.03%
iter 988: loss 2.0694, time 49.84ms, mfu 0.03%
iter 989: loss 2.0932, time 51.14ms, mfu 0.03%
iter 990: loss 1.9748, time 58.52ms, mfu 0.03%
iter 991: loss 2.0888, time 51.41ms, mfu 0.03%
iter 992: loss 2.0602, time 48.99ms, mfu 0.03%
iter 993: loss 2.0643, time 50.95ms, mfu 0.03%
iter 994: loss 2.1154, time 50.12ms, mfu 0.03%
iter 995: loss 2.1199, time 59.98ms, mfu 0.03%
iter 996: loss 2.1013, time 58.03ms, mfu 0.03%
iter 997: loss 2.0844, time 54.82ms, mfu 0.03%
iter 998: loss 2.0419, time 56.12ms, mfu 0.03%
iter 999: loss 2.0978, time 50.64ms, mfu 0.03%
step 1000: train loss 2.0431, val loss 2.1132
saving checkpoint to C:\Users\amitc\OneDrive\Desktop\Research\NanoGpt\nanoGPT\experiments\depth_ablation_6
iter 1000: loss 2.0499, time 639.63ms, mfu 0.03%
iter 1001: loss 1.9862, time 49.54ms, mfu 0.03%
iter 1002: loss 1.9865, time 48.33ms, mfu 0.03%
iter 1003: loss 1.9768, time 48.62ms, mfu 0.03%
iter 1004: loss 2.0883, time 45.24ms, mfu 0.03%
iter 1005: loss 1.9881, time 47.43ms, mfu 0.03%
iter 1006: loss 2.0329, time 49.66ms, mfu 0.03%
iter 1007: loss 2.0115, time 50.41ms, mfu 0.03%
iter 1008: loss 2.0402, time 52.43ms, mfu 0.03%
iter 1009: loss 2.0379, time 50.82ms, mfu 0.03%
iter 1010: loss 2.0673, time 49.20ms, mfu 0.03%
iter 1011: loss 2.0649, time 50.14ms, mfu 0.03%
iter 1012: loss 1.9414, time 47.63ms, mfu 0.03%
iter 1013: loss 2.0146, time 48.89ms, mfu 0.03%
iter 1014: loss 1.9760, time 48.93ms, mfu 0.03%
iter 1015: loss 2.0884, time 48.12ms, mfu 0.03%
iter 1016: loss 2.0557, time 48.17ms, mfu 0.03%
iter 1017: loss 2.0230, time 48.83ms, mfu 0.03%
iter 1018: loss 2.1524, time 49.78ms, mfu 0.03%
iter 1019: loss 2.0205, time 49.52ms, mfu 0.03%
iter 1020: loss 2.0922, time 48.36ms, mfu 0.03%
iter 1021: loss 2.0990, time 49.40ms, mfu 0.03%
iter 1022: loss 1.9597, time 48.98ms, mfu 0.03%
iter 1023: loss 2.1188, time 49.67ms, mfu 0.03%
iter 1024: loss 2.0190, time 46.52ms, mfu 0.03%
iter 1025: loss 1.9716, time 47.43ms, mfu 0.03%
iter 1026: loss 2.0387, time 48.75ms, mfu 0.03%
iter 1027: loss 2.0314, time 50.67ms, mfu 0.03%
iter 1028: loss 2.0592, time 50.03ms, mfu 0.03%
iter 1029: loss 2.0593, time 48.11ms, mfu 0.03%
iter 1030: loss 2.0059, time 47.24ms, mfu 0.03%
iter 1031: loss 1.9455, time 51.00ms, mfu 0.03%
iter 1032: loss 2.0632, time 51.94ms, mfu 0.03%
iter 1033: loss 2.1003, time 55.77ms, mfu 0.03%
iter 1034: loss 2.1029, time 55.49ms, mfu 0.03%
iter 1035: loss 2.0879, time 49.07ms, mfu 0.03%
iter 1036: loss 2.0783, time 49.76ms, mfu 0.03%
iter 1037: loss 1.9696, time 53.79ms, mfu 0.03%
iter 1038: loss 2.0726, time 51.19ms, mfu 0.03%
iter 1039: loss 2.0643, time 50.11ms, mfu 0.03%
iter 1040: loss 2.1108, time 49.16ms, mfu 0.03%
iter 1041: loss 2.0333, time 50.19ms, mfu 0.03%
iter 1042: loss 2.1165, time 48.95ms, mfu 0.03%
iter 1043: loss 2.0772, time 49.64ms, mfu 0.03%
iter 1044: loss 2.0298, time 80.95ms, mfu 0.03%
iter 1045: loss 2.0486, time 69.19ms, mfu 0.03%
iter 1046: loss 2.0666, time 52.06ms, mfu 0.03%
iter 1047: loss 1.9766, time 51.05ms, mfu 0.03%
iter 1048: loss 2.0795, time 49.82ms, mfu 0.03%
iter 1049: loss 2.0430, time 49.89ms, mfu 0.03%
iter 1050: loss 2.0234, time 49.44ms, mfu 0.03%
iter 1051: loss 2.0505, time 53.30ms, mfu 0.03%
iter 1052: loss 2.0748, time 51.02ms, mfu 0.03%
iter 1053: loss 2.0131, time 51.40ms, mfu 0.03%
iter 1054: loss 1.9609, time 52.88ms, mfu 0.03%
iter 1055: loss 2.0305, time 52.95ms, mfu 0.03%
iter 1056: loss 1.9971, time 51.04ms, mfu 0.03%
iter 1057: loss 2.0534, time 51.44ms, mfu 0.03%
iter 1058: loss 2.0627, time 51.00ms, mfu 0.03%
iter 1059: loss 2.0534, time 51.30ms, mfu 0.03%
iter 1060: loss 2.0774, time 51.66ms, mfu 0.03%
iter 1061: loss 1.9620, time 51.34ms, mfu 0.03%
iter 1062: loss 1.9944, time 50.50ms, mfu 0.03%
iter 1063: loss 2.0786, time 49.69ms, mfu 0.03%
iter 1064: loss 2.0369, time 49.50ms, mfu 0.03%
iter 1065: loss 1.9973, time 50.11ms, mfu 0.03%
iter 1066: loss 2.0388, time 48.60ms, mfu 0.03%
iter 1067: loss 2.0107, time 50.65ms, mfu 0.03%
iter 1068: loss 2.0465, time 50.97ms, mfu 0.03%
iter 1069: loss 2.0416, time 53.00ms, mfu 0.03%
iter 1070: loss 2.0193, time 49.85ms, mfu 0.03%
iter 1071: loss 1.9893, time 51.38ms, mfu 0.03%
iter 1072: loss 2.0175, time 49.29ms, mfu 0.03%
iter 1073: loss 2.0805, time 50.23ms, mfu 0.03%
iter 1074: loss 1.9900, time 52.06ms, mfu 0.03%
iter 1075: loss 1.9841, time 49.93ms, mfu 0.03%
iter 1076: loss 2.0915, time 51.45ms, mfu 0.03%
iter 1077: loss 1.9906, time 50.46ms, mfu 0.03%
iter 1078: loss 1.9408, time 47.80ms, mfu 0.03%
iter 1079: loss 1.9612, time 48.42ms, mfu 0.03%
iter 1080: loss 2.0064, time 54.33ms, mfu 0.03%
iter 1081: loss 1.9870, time 47.61ms, mfu 0.03%
iter 1082: loss 2.0272, time 46.51ms, mfu 0.03%
iter 1083: loss 2.0873, time 46.76ms, mfu 0.03%
iter 1084: loss 1.9999, time 46.08ms, mfu 0.03%
iter 1085: loss 1.9173, time 47.82ms, mfu 0.03%
iter 1086: loss 2.0252, time 49.87ms, mfu 0.03%
iter 1087: loss 2.0381, time 49.71ms, mfu 0.03%
iter 1088: loss 2.1205, time 49.06ms, mfu 0.03%
iter 1089: loss 2.0694, time 53.49ms, mfu 0.03%
iter 1090: loss 2.0128, time 54.57ms, mfu 0.03%
iter 1091: loss 2.0491, time 55.77ms, mfu 0.03%
iter 1092: loss 2.0696, time 51.72ms, mfu 0.03%
iter 1093: loss 2.0237, time 47.54ms, mfu 0.03%
iter 1094: loss 2.0171, time 48.49ms, mfu 0.03%
iter 1095: loss 1.9973, time 50.31ms, mfu 0.03%
iter 1096: loss 1.9918, time 48.57ms, mfu 0.03%
iter 1097: loss 2.0111, time 47.29ms, mfu 0.03%
iter 1098: loss 1.9894, time 51.43ms, mfu 0.03%
iter 1099: loss 2.0279, time 46.93ms, mfu 0.03%
iter 1100: loss 2.1080, time 49.00ms, mfu 0.03%
iter 1101: loss 2.0758, time 51.75ms, mfu 0.03%
iter 1102: loss 1.9840, time 49.88ms, mfu 0.03%
iter 1103: loss 2.0366, time 51.38ms, mfu 0.03%
iter 1104: loss 1.9749, time 53.64ms, mfu 0.03%
iter 1105: loss 1.8561, time 52.16ms, mfu 0.03%
iter 1106: loss 1.9900, time 51.98ms, mfu 0.03%
iter 1107: loss 2.0972, time 52.44ms, mfu 0.03%
iter 1108: loss 1.9773, time 50.10ms, mfu 0.03%
iter 1109: loss 1.9431, time 50.10ms, mfu 0.03%
iter 1110: loss 2.0921, time 53.43ms, mfu 0.03%
iter 1111: loss 2.0046, time 54.65ms, mfu 0.03%
iter 1112: loss 2.0169, time 52.21ms, mfu 0.03%
iter 1113: loss 2.0205, time 52.34ms, mfu 0.03%
iter 1114: loss 1.9865, time 58.30ms, mfu 0.03%
iter 1115: loss 2.0743, time 53.95ms, mfu 0.03%
iter 1116: loss 2.0311, time 54.04ms, mfu 0.03%
iter 1117: loss 1.9266, time 58.80ms, mfu 0.03%
iter 1118: loss 1.9489, time 61.60ms, mfu 0.03%
iter 1119: loss 2.0436, time 62.21ms, mfu 0.03%
iter 1120: loss 1.9423, time 57.48ms, mfu 0.03%
iter 1121: loss 2.0466, time 68.00ms, mfu 0.03%
iter 1122: loss 2.0164, time 58.19ms, mfu 0.03%
iter 1123: loss 2.0182, time 48.22ms, mfu 0.03%
iter 1124: loss 1.9645, time 47.39ms, mfu 0.03%
iter 1125: loss 2.1066, time 46.56ms, mfu 0.03%
iter 1126: loss 1.9545, time 46.13ms, mfu 0.03%
iter 1127: loss 1.9884, time 47.61ms, mfu 0.03%
iter 1128: loss 2.0675, time 44.98ms, mfu 0.03%
iter 1129: loss 2.0428, time 47.73ms, mfu 0.03%
iter 1130: loss 1.9289, time 60.77ms, mfu 0.03%
iter 1131: loss 2.0423, time 53.99ms, mfu 0.03%
iter 1132: loss 1.9601, time 54.95ms, mfu 0.03%
iter 1133: loss 1.9155, time 49.62ms, mfu 0.03%
iter 1134: loss 2.0249, time 52.22ms, mfu 0.03%
iter 1135: loss 1.9548, time 48.81ms, mfu 0.03%
iter 1136: loss 2.0002, time 47.67ms, mfu 0.03%
iter 1137: loss 1.9470, time 46.24ms, mfu 0.03%
iter 1138: loss 2.0551, time 49.17ms, mfu 0.03%
iter 1139: loss 1.9662, time 49.87ms, mfu 0.03%
iter 1140: loss 2.0452, time 48.44ms, mfu 0.03%
iter 1141: loss 2.0534, time 48.48ms, mfu 0.03%
iter 1142: loss 1.9738, time 54.31ms, mfu 0.03%
iter 1143: loss 2.1567, time 50.86ms, mfu 0.03%
iter 1144: loss 1.9596, time 52.89ms, mfu 0.03%
iter 1145: loss 2.0258, time 49.45ms, mfu 0.03%
iter 1146: loss 2.0453, time 47.85ms, mfu 0.03%
iter 1147: loss 1.9683, time 48.49ms, mfu 0.03%
iter 1148: loss 2.1187, time 48.49ms, mfu 0.03%
iter 1149: loss 2.0596, time 49.34ms, mfu 0.03%
iter 1150: loss 2.0153, time 47.23ms, mfu 0.03%
iter 1151: loss 1.9373, time 47.11ms, mfu 0.03%
iter 1152: loss 2.0186, time 48.21ms, mfu 0.03%
iter 1153: loss 2.0031, time 45.79ms, mfu 0.03%
iter 1154: loss 1.9387, time 47.86ms, mfu 0.03%
iter 1155: loss 1.9488, time 48.73ms, mfu 0.03%
iter 1156: loss 2.0009, time 48.24ms, mfu 0.03%
iter 1157: loss 2.0679, time 48.96ms, mfu 0.03%
iter 1158: loss 2.0412, time 47.93ms, mfu 0.03%
iter 1159: loss 2.1161, time 48.60ms, mfu 0.03%
iter 1160: loss 1.8979, time 48.33ms, mfu 0.03%
iter 1161: loss 1.9638, time 47.13ms, mfu 0.03%
iter 1162: loss 1.9227, time 48.51ms, mfu 0.03%
iter 1163: loss 2.0238, time 47.52ms, mfu 0.03%
iter 1164: loss 1.9291, time 50.69ms, mfu 0.03%
iter 1165: loss 2.0782, time 50.25ms, mfu 0.03%
iter 1166: loss 1.9821, time 48.45ms, mfu 0.03%
iter 1167: loss 2.0916, time 47.62ms, mfu 0.03%
iter 1168: loss 1.9339, time 47.88ms, mfu 0.03%
iter 1169: loss 1.9832, time 46.69ms, mfu 0.03%
iter 1170: loss 1.9429, time 47.73ms, mfu 0.03%
iter 1171: loss 2.1044, time 48.96ms, mfu 0.03%
iter 1172: loss 1.9597, time 51.33ms, mfu 0.03%
iter 1173: loss 1.9956, time 51.28ms, mfu 0.03%
iter 1174: loss 2.0451, time 51.27ms, mfu 0.03%
iter 1175: loss 2.0212, time 49.58ms, mfu 0.03%
iter 1176: loss 1.9710, time 50.86ms, mfu 0.03%
iter 1177: loss 2.1602, time 48.12ms, mfu 0.03%
iter 1178: loss 1.9288, time 47.34ms, mfu 0.03%
iter 1179: loss 1.9374, time 48.33ms, mfu 0.03%
iter 1180: loss 2.0599, time 47.57ms, mfu 0.03%
iter 1181: loss 1.9723, time 47.68ms, mfu 0.03%
iter 1182: loss 2.0067, time 48.66ms, mfu 0.03%
iter 1183: loss 2.0318, time 47.89ms, mfu 0.03%
iter 1184: loss 1.9830, time 47.78ms, mfu 0.03%
iter 1185: loss 2.0002, time 47.41ms, mfu 0.03%
iter 1186: loss 1.9524, time 46.58ms, mfu 0.03%
iter 1187: loss 1.9006, time 47.65ms, mfu 0.03%
iter 1188: loss 1.8434, time 49.57ms, mfu 0.03%
iter 1189: loss 1.9290, time 48.84ms, mfu 0.03%
iter 1190: loss 2.0041, time 47.72ms, mfu 0.03%
iter 1191: loss 1.9793, time 48.78ms, mfu 0.03%
iter 1192: loss 2.0714, time 49.32ms, mfu 0.03%
iter 1193: loss 2.0005, time 47.58ms, mfu 0.03%
iter 1194: loss 2.0223, time 48.52ms, mfu 0.03%
iter 1195: loss 2.0757, time 46.93ms, mfu 0.03%
iter 1196: loss 1.9664, time 47.93ms, mfu 0.03%
iter 1197: loss 2.0126, time 50.43ms, mfu 0.03%
iter 1198: loss 1.9686, time 46.24ms, mfu 0.03%
iter 1199: loss 1.9811, time 45.84ms, mfu 0.03%
iter 1200: loss 1.9206, time 46.46ms, mfu 0.03%
iter 1201: loss 1.9917, time 49.54ms, mfu 0.03%
iter 1202: loss 1.9553, time 49.17ms, mfu 0.03%
iter 1203: loss 2.0534, time 49.46ms, mfu 0.03%
iter 1204: loss 1.9689, time 50.86ms, mfu 0.03%
iter 1205: loss 1.9566, time 51.15ms, mfu 0.03%
iter 1206: loss 1.8670, time 50.58ms, mfu 0.03%
iter 1207: loss 2.0498, time 54.06ms, mfu 0.03%
iter 1208: loss 2.0765, time 47.93ms, mfu 0.03%
iter 1209: loss 1.9080, time 45.83ms, mfu 0.03%
iter 1210: loss 1.9437, time 47.47ms, mfu 0.03%
iter 1211: loss 1.9309, time 46.81ms, mfu 0.03%
iter 1212: loss 1.8503, time 45.51ms, mfu 0.03%
iter 1213: loss 2.0926, time 50.34ms, mfu 0.03%
iter 1214: loss 1.9713, time 49.26ms, mfu 0.03%
iter 1215: loss 1.9385, time 47.89ms, mfu 0.03%
iter 1216: loss 1.8690, time 47.23ms, mfu 0.03%
iter 1217: loss 1.9147, time 46.96ms, mfu 0.03%
iter 1218: loss 1.9893, time 48.42ms, mfu 0.03%
iter 1219: loss 1.9695, time 48.97ms, mfu 0.03%
iter 1220: loss 1.8593, time 49.14ms, mfu 0.03%
iter 1221: loss 1.8935, time 48.19ms, mfu 0.03%
iter 1222: loss 1.8887, time 51.48ms, mfu 0.03%
iter 1223: loss 2.0331, time 49.42ms, mfu 0.03%
iter 1224: loss 2.0487, time 49.15ms, mfu 0.03%
iter 1225: loss 1.9219, time 48.29ms, mfu 0.03%
iter 1226: loss 1.9899, time 47.53ms, mfu 0.03%
iter 1227: loss 1.9988, time 47.65ms, mfu 0.03%
iter 1228: loss 1.9056, time 49.83ms, mfu 0.03%
iter 1229: loss 1.9112, time 47.19ms, mfu 0.03%
iter 1230: loss 1.9613, time 43.59ms, mfu 0.03%
iter 1231: loss 1.8949, time 47.12ms, mfu 0.03%
iter 1232: loss 1.9933, time 48.64ms, mfu 0.03%
iter 1233: loss 1.9417, time 49.39ms, mfu 0.03%
iter 1234: loss 1.9408, time 50.13ms, mfu 0.03%
iter 1235: loss 1.9004, time 49.40ms, mfu 0.03%
iter 1236: loss 2.0496, time 46.88ms, mfu 0.03%
iter 1237: loss 2.0170, time 48.24ms, mfu 0.03%
iter 1238: loss 2.0285, time 48.16ms, mfu 0.03%
iter 1239: loss 1.9696, time 60.49ms, mfu 0.03%
iter 1240: loss 1.9594, time 64.70ms, mfu 0.03%
iter 1241: loss 1.9342, time 65.26ms, mfu 0.03%
iter 1242: loss 1.9954, time 52.92ms, mfu 0.03%
iter 1243: loss 1.9464, time 57.30ms, mfu 0.03%
iter 1244: loss 1.9857, time 49.59ms, mfu 0.03%
iter 1245: loss 2.0061, time 57.75ms, mfu 0.03%
iter 1246: loss 1.9828, time 54.12ms, mfu 0.03%
iter 1247: loss 1.8880, time 49.18ms, mfu 0.03%
iter 1248: loss 1.9396, time 45.84ms, mfu 0.03%
iter 1249: loss 1.8785, time 48.49ms, mfu 0.03%
step 1250: train loss 1.9747, val loss 2.0427
saving checkpoint to C:\Users\amitc\OneDrive\Desktop\Research\NanoGpt\nanoGPT\experiments\depth_ablation_6
iter 1250: loss 1.9726, time 607.72ms, mfu 0.03%
iter 1251: loss 2.0101, time 43.38ms, mfu 0.03%
iter 1252: loss 1.8526, time 47.38ms, mfu 0.03%
iter 1253: loss 1.9249, time 46.59ms, mfu 0.03%
iter 1254: loss 1.9632, time 48.29ms, mfu 0.03%
iter 1255: loss 1.9266, time 46.60ms, mfu 0.03%
iter 1256: loss 1.9443, time 45.68ms, mfu 0.03%
iter 1257: loss 2.0101, time 45.13ms, mfu 0.03%
iter 1258: loss 1.8993, time 44.74ms, mfu 0.03%
iter 1259: loss 1.9710, time 43.57ms, mfu 0.03%
iter 1260: loss 1.9782, time 44.17ms, mfu 0.03%
iter 1261: loss 1.9376, time 47.38ms, mfu 0.03%
iter 1262: loss 1.9484, time 88.34ms, mfu 0.03%
iter 1263: loss 1.9244, time 48.68ms, mfu 0.03%
iter 1264: loss 2.0293, time 48.99ms, mfu 0.03%
iter 1265: loss 1.8714, time 47.92ms, mfu 0.03%
iter 1266: loss 1.8806, time 48.57ms, mfu 0.03%
iter 1267: loss 1.9843, time 49.01ms, mfu 0.03%
iter 1268: loss 2.0073, time 47.63ms, mfu 0.03%
iter 1269: loss 2.0441, time 47.24ms, mfu 0.03%
iter 1270: loss 1.8914, time 48.34ms, mfu 0.03%
iter 1271: loss 1.9433, time 49.57ms, mfu 0.03%
iter 1272: loss 1.8499, time 47.71ms, mfu 0.03%
iter 1273: loss 1.8846, time 47.16ms, mfu 0.03%
iter 1274: loss 1.9556, time 47.00ms, mfu 0.03%
iter 1275: loss 1.9326, time 43.29ms, mfu 0.03%
iter 1276: loss 1.9027, time 41.53ms, mfu 0.03%
iter 1277: loss 1.9073, time 41.07ms, mfu 0.03%
iter 1278: loss 2.0507, time 47.74ms, mfu 0.03%
iter 1279: loss 1.9597, time 44.70ms, mfu 0.03%
iter 1280: loss 1.9078, time 48.07ms, mfu 0.03%
iter 1281: loss 1.8473, time 45.44ms, mfu 0.03%
iter 1282: loss 2.0196, time 49.40ms, mfu 0.03%
iter 1283: loss 1.9257, time 59.66ms, mfu 0.03%
iter 1284: loss 1.9216, time 57.47ms, mfu 0.03%
iter 1285: loss 1.9569, time 46.65ms, mfu 0.03%
iter 1286: loss 1.9409, time 44.81ms, mfu 0.03%
iter 1287: loss 1.9832, time 47.97ms, mfu 0.03%
iter 1288: loss 1.9737, time 43.37ms, mfu 0.03%
iter 1289: loss 1.9782, time 50.47ms, mfu 0.03%
iter 1290: loss 1.9825, time 58.30ms, mfu 0.03%
iter 1291: loss 1.9508, time 54.76ms, mfu 0.03%
iter 1292: loss 1.9262, time 54.50ms, mfu 0.03%
iter 1293: loss 1.9736, time 55.79ms, mfu 0.03%
iter 1294: loss 2.0257, time 64.74ms, mfu 0.03%
iter 1295: loss 1.9168, time 51.93ms, mfu 0.03%
iter 1296: loss 1.9830, time 47.65ms, mfu 0.03%
iter 1297: loss 2.0237, time 44.63ms, mfu 0.03%
iter 1298: loss 1.9521, time 44.16ms, mfu 0.03%
iter 1299: loss 2.0105, time 53.70ms, mfu 0.03%
iter 1300: loss 2.0379, time 53.77ms, mfu 0.03%
iter 1301: loss 1.9001, time 56.78ms, mfu 0.03%
iter 1302: loss 1.9007, time 53.88ms, mfu 0.03%
iter 1303: loss 1.8970, time 53.13ms, mfu 0.03%
iter 1304: loss 2.0006, time 49.66ms, mfu 0.03%
iter 1305: loss 1.8089, time 44.27ms, mfu 0.03%
iter 1306: loss 1.9953, time 48.60ms, mfu 0.03%
iter 1307: loss 2.0120, time 48.63ms, mfu 0.03%
iter 1308: loss 2.0284, time 67.87ms, mfu 0.03%
iter 1309: loss 1.9471, time 50.71ms, mfu 0.03%
iter 1310: loss 1.9864, time 52.94ms, mfu 0.03%
iter 1311: loss 1.9104, time 49.72ms, mfu 0.03%
iter 1312: loss 1.9168, time 47.67ms, mfu 0.03%
iter 1313: loss 1.9140, time 49.11ms, mfu 0.03%
iter 1314: loss 1.9119, time 46.93ms, mfu 0.03%
iter 1315: loss 2.0469, time 44.79ms, mfu 0.03%
iter 1316: loss 1.8089, time 46.20ms, mfu 0.03%
iter 1317: loss 1.9530, time 45.49ms, mfu 0.03%
iter 1318: loss 1.8787, time 45.91ms, mfu 0.03%
iter 1319: loss 1.7606, time 45.39ms, mfu 0.03%
iter 1320: loss 2.0368, time 46.68ms, mfu 0.03%
iter 1321: loss 1.9246, time 46.16ms, mfu 0.03%
iter 1322: loss 1.8522, time 45.92ms, mfu 0.03%
iter 1323: loss 1.8839, time 45.17ms, mfu 0.03%
iter 1324: loss 1.9161, time 50.31ms, mfu 0.03%
iter 1325: loss 1.9173, time 49.99ms, mfu 0.03%
iter 1326: loss 2.0279, time 48.33ms, mfu 0.03%
iter 1327: loss 1.8965, time 44.79ms, mfu 0.03%
iter 1328: loss 1.9722, time 47.12ms, mfu 0.03%
iter 1329: loss 1.9184, time 41.17ms, mfu 0.03%
iter 1330: loss 2.0649, time 47.99ms, mfu 0.03%
iter 1331: loss 2.0740, time 49.07ms, mfu 0.03%
iter 1332: loss 1.9455, time 46.94ms, mfu 0.03%
iter 1333: loss 1.9932, time 47.20ms, mfu 0.03%
iter 1334: loss 2.0533, time 52.52ms, mfu 0.03%
iter 1335: loss 1.9971, time 47.46ms, mfu 0.03%
iter 1336: loss 1.9418, time 50.59ms, mfu 0.03%
iter 1337: loss 1.9652, time 54.12ms, mfu 0.03%
iter 1338: loss 1.8334, time 52.36ms, mfu 0.03%
iter 1339: loss 1.8611, time 54.72ms, mfu 0.03%
iter 1340: loss 1.9420, time 62.73ms, mfu 0.03%
iter 1341: loss 1.7995, time 61.67ms, mfu 0.03%
iter 1342: loss 1.8640, time 61.65ms, mfu 0.03%
iter 1343: loss 1.9296, time 60.55ms, mfu 0.03%
iter 1344: loss 1.8815, time 53.19ms, mfu 0.03%
iter 1345: loss 1.9598, time 52.76ms, mfu 0.03%
iter 1346: loss 1.8828, time 49.58ms, mfu 0.03%
iter 1347: loss 1.9860, time 56.50ms, mfu 0.03%
iter 1348: loss 1.9262, time 52.01ms, mfu 0.03%
iter 1349: loss 1.9839, time 53.16ms, mfu 0.03%
iter 1350: loss 1.8826, time 54.52ms, mfu 0.03%
iter 1351: loss 1.8441, time 51.51ms, mfu 0.03%
iter 1352: loss 1.9233, time 53.58ms, mfu 0.03%
iter 1353: loss 1.9178, time 51.58ms, mfu 0.03%
iter 1354: loss 1.8860, time 55.98ms, mfu 0.03%
iter 1355: loss 2.0255, time 54.77ms, mfu 0.03%
iter 1356: loss 1.8933, time 56.71ms, mfu 0.03%
iter 1357: loss 1.8098, time 54.33ms, mfu 0.03%
iter 1358: loss 1.9913, time 46.06ms, mfu 0.03%
iter 1359: loss 1.8993, time 95.77ms, mfu 0.03%
iter 1360: loss 1.9975, time 46.66ms, mfu 0.03%
iter 1361: loss 1.9078, time 52.37ms, mfu 0.03%
iter 1362: loss 1.9098, time 51.99ms, mfu 0.03%
iter 1363: loss 1.9196, time 47.51ms, mfu 0.03%
iter 1364: loss 1.9829, time 44.63ms, mfu 0.03%
iter 1365: loss 1.9304, time 48.69ms, mfu 0.03%
iter 1366: loss 1.9024, time 45.35ms, mfu 0.03%
iter 1367: loss 1.9548, time 46.28ms, mfu 0.03%
iter 1368: loss 1.8419, time 43.26ms, mfu 0.03%
iter 1369: loss 1.9873, time 42.33ms, mfu 0.03%
iter 1370: loss 2.0474, time 47.98ms, mfu 0.03%
iter 1371: loss 1.9480, time 47.08ms, mfu 0.03%
iter 1372: loss 2.0033, time 42.98ms, mfu 0.03%
iter 1373: loss 1.8708, time 47.08ms, mfu 0.03%
iter 1374: loss 1.9957, time 49.85ms, mfu 0.03%
iter 1375: loss 1.8691, time 46.41ms, mfu 0.03%
iter 1376: loss 1.9524, time 43.88ms, mfu 0.03%
iter 1377: loss 1.8546, time 46.26ms, mfu 0.03%
iter 1378: loss 1.9873, time 44.65ms, mfu 0.03%
iter 1379: loss 1.9151, time 46.82ms, mfu 0.03%
iter 1380: loss 1.9968, time 39.08ms, mfu 0.03%
iter 1381: loss 2.0626, time 44.72ms, mfu 0.03%
iter 1382: loss 1.8606, time 39.64ms, mfu 0.03%
iter 1383: loss 1.9383, time 44.30ms, mfu 0.03%
iter 1384: loss 1.9756, time 44.49ms, mfu 0.03%
iter 1385: loss 1.8521, time 47.52ms, mfu 0.03%
iter 1386: loss 1.8876, time 45.62ms, mfu 0.03%
iter 1387: loss 1.8560, time 45.52ms, mfu 0.03%
iter 1388: loss 1.8383, time 45.36ms, mfu 0.03%
iter 1389: loss 1.9150, time 42.72ms, mfu 0.03%
iter 1390: loss 1.9261, time 43.80ms, mfu 0.03%
iter 1391: loss 1.9912, time 53.70ms, mfu 0.03%
iter 1392: loss 1.9549, time 47.94ms, mfu 0.03%
iter 1393: loss 1.8759, time 43.63ms, mfu 0.03%
iter 1394: loss 2.0203, time 44.77ms, mfu 0.03%
iter 1395: loss 1.8401, time 48.94ms, mfu 0.03%
iter 1396: loss 1.9936, time 50.25ms, mfu 0.03%
iter 1397: loss 1.9047, time 51.30ms, mfu 0.03%
iter 1398: loss 1.8437, time 45.68ms, mfu 0.03%
iter 1399: loss 1.8501, time 48.89ms, mfu 0.03%
iter 1400: loss 1.9432, time 45.45ms, mfu 0.03%
iter 1401: loss 1.8892, time 42.75ms, mfu 0.03%
iter 1402: loss 1.9291, time 43.73ms, mfu 0.03%
iter 1403: loss 1.8979, time 45.72ms, mfu 0.03%
iter 1404: loss 1.9414, time 45.29ms, mfu 0.03%
iter 1405: loss 1.9403, time 46.52ms, mfu 0.03%
iter 1406: loss 1.8832, time 48.09ms, mfu 0.03%
iter 1407: loss 2.0436, time 47.69ms, mfu 0.03%
iter 1408: loss 1.8549, time 46.14ms, mfu 0.03%
iter 1409: loss 1.9168, time 45.60ms, mfu 0.03%
iter 1410: loss 1.8940, time 46.12ms, mfu 0.03%
iter 1411: loss 1.9120, time 47.77ms, mfu 0.03%
iter 1412: loss 1.9173, time 49.30ms, mfu 0.03%
iter 1413: loss 1.8311, time 50.19ms, mfu 0.03%
iter 1414: loss 1.8683, time 50.59ms, mfu 0.03%
iter 1415: loss 1.9466, time 49.63ms, mfu 0.03%
iter 1416: loss 1.8698, time 47.86ms, mfu 0.03%
iter 1417: loss 1.9300, time 44.83ms, mfu 0.03%
iter 1418: loss 1.9954, time 52.74ms, mfu 0.03%
iter 1419: loss 2.0064, time 47.10ms, mfu 0.03%
iter 1420: loss 1.9138, time 60.53ms, mfu 0.03%
iter 1421: loss 2.0068, time 49.26ms, mfu 0.03%
iter 1422: loss 1.9318, time 52.65ms, mfu 0.03%
iter 1423: loss 1.9623, time 47.78ms, mfu 0.03%
iter 1424: loss 1.9791, time 48.04ms, mfu 0.03%
iter 1425: loss 1.9899, time 46.78ms, mfu 0.03%
iter 1426: loss 1.9258, time 50.09ms, mfu 0.03%
iter 1427: loss 1.9141, time 46.54ms, mfu 0.03%
iter 1428: loss 1.9208, time 44.98ms, mfu 0.03%
iter 1429: loss 2.0335, time 42.83ms, mfu 0.03%
iter 1430: loss 1.8710, time 45.99ms, mfu 0.03%
iter 1431: loss 1.8596, time 47.82ms, mfu 0.03%
iter 1432: loss 1.9103, time 47.78ms, mfu 0.03%
iter 1433: loss 1.8977, time 49.37ms, mfu 0.03%
iter 1434: loss 1.8333, time 47.67ms, mfu 0.03%
iter 1435: loss 1.8423, time 50.34ms, mfu 0.03%
iter 1436: loss 1.9916, time 51.62ms, mfu 0.03%
iter 1437: loss 1.8832, time 46.99ms, mfu 0.03%
iter 1438: loss 1.9076, time 46.16ms, mfu 0.03%
iter 1439: loss 1.9175, time 46.39ms, mfu 0.03%
iter 1440: loss 1.9180, time 44.39ms, mfu 0.03%
iter 1441: loss 1.9093, time 48.65ms, mfu 0.03%
iter 1442: loss 1.8407, time 46.05ms, mfu 0.03%
iter 1443: loss 1.9190, time 48.43ms, mfu 0.03%
iter 1444: loss 1.9664, time 45.86ms, mfu 0.03%
iter 1445: loss 1.8705, time 47.11ms, mfu 0.03%
iter 1446: loss 1.9138, time 46.07ms, mfu 0.03%
iter 1447: loss 1.9427, time 49.02ms, mfu 0.03%
iter 1448: loss 2.0415, time 47.26ms, mfu 0.03%
iter 1449: loss 1.8141, time 49.01ms, mfu 0.03%
iter 1450: loss 1.9288, time 48.20ms, mfu 0.03%
iter 1451: loss 1.9626, time 49.12ms, mfu 0.03%
iter 1452: loss 1.9030, time 50.28ms, mfu 0.03%
iter 1453: loss 1.9360, time 47.90ms, mfu 0.03%
iter 1454: loss 1.8405, time 49.07ms, mfu 0.03%
iter 1455: loss 2.1137, time 45.67ms, mfu 0.03%
iter 1456: loss 1.9160, time 46.38ms, mfu 0.03%
iter 1457: loss 1.8919, time 48.86ms, mfu 0.03%
iter 1458: loss 1.8626, time 46.86ms, mfu 0.03%
iter 1459: loss 1.9211, time 47.91ms, mfu 0.03%
iter 1460: loss 1.8196, time 50.18ms, mfu 0.03%
iter 1461: loss 1.9709, time 44.38ms, mfu 0.03%
iter 1462: loss 1.8537, time 48.04ms, mfu 0.03%
iter 1463: loss 1.9213, time 57.84ms, mfu 0.03%
iter 1464: loss 1.8672, time 51.09ms, mfu 0.03%
iter 1465: loss 1.9641, time 47.89ms, mfu 0.03%
iter 1466: loss 1.9052, time 47.51ms, mfu 0.03%
iter 1467: loss 1.8580, time 45.96ms, mfu 0.03%
iter 1468: loss 1.7952, time 44.19ms, mfu 0.03%
iter 1469: loss 1.8563, time 49.12ms, mfu 0.03%
iter 1470: loss 1.9560, time 51.50ms, mfu 0.03%
iter 1471: loss 1.8783, time 45.20ms, mfu 0.03%
iter 1472: loss 2.0593, time 53.18ms, mfu 0.03%
iter 1473: loss 2.0138, time 54.55ms, mfu 0.03%
iter 1474: loss 1.8324, time 45.91ms, mfu 0.03%
iter 1475: loss 1.9028, time 57.13ms, mfu 0.03%
iter 1476: loss 1.8903, time 58.91ms, mfu 0.03%
iter 1477: loss 1.8946, time 56.36ms, mfu 0.03%
iter 1478: loss 1.9244, time 48.59ms, mfu 0.03%
iter 1479: loss 1.9165, time 46.26ms, mfu 0.03%
iter 1480: loss 1.8366, time 48.93ms, mfu 0.03%
iter 1481: loss 1.8079, time 42.96ms, mfu 0.03%
iter 1482: loss 1.8744, time 47.34ms, mfu 0.03%
iter 1483: loss 1.9235, time 45.01ms, mfu 0.03%
iter 1484: loss 1.9127, time 43.53ms, mfu 0.03%
iter 1485: loss 2.0097, time 44.01ms, mfu 0.03%
iter 1486: loss 1.8851, time 47.40ms, mfu 0.03%
iter 1487: loss 1.8615, time 48.22ms, mfu 0.03%
iter 1488: loss 1.8959, time 51.41ms, mfu 0.03%
iter 1489: loss 1.9030, time 47.71ms, mfu 0.03%
iter 1490: loss 1.9023, time 50.45ms, mfu 0.03%
iter 1491: loss 1.8821, time 53.54ms, mfu 0.03%
iter 1492: loss 1.9549, time 53.86ms, mfu 0.03%
iter 1493: loss 1.8551, time 48.62ms, mfu 0.03%
iter 1494: loss 1.8697, time 45.79ms, mfu 0.03%
iter 1495: loss 1.8579, time 44.56ms, mfu 0.03%
iter 1496: loss 1.8513, time 46.20ms, mfu 0.03%
iter 1497: loss 1.9018, time 48.02ms, mfu 0.03%
iter 1498: loss 1.7995, time 49.12ms, mfu 0.03%
iter 1499: loss 1.8593, time 52.00ms, mfu 0.03%
step 1500: train loss 1.9053, val loss 1.9959
saving checkpoint to C:\Users\amitc\OneDrive\Desktop\Research\NanoGpt\nanoGPT\experiments\depth_ablation_6
iter 1500: loss 1.8278, time 629.60ms, mfu 0.03%
iter 1501: loss 1.8501, time 45.70ms, mfu 0.03%
iter 1502: loss 1.9829, time 51.24ms, mfu 0.03%
iter 1503: loss 1.9577, time 49.75ms, mfu 0.03%
iter 1504: loss 1.8226, time 50.07ms, mfu 0.03%
iter 1505: loss 1.8186, time 49.22ms, mfu 0.03%
iter 1506: loss 1.7769, time 46.76ms, mfu 0.03%
iter 1507: loss 1.9851, time 49.08ms, mfu 0.03%
iter 1508: loss 1.9202, time 49.86ms, mfu 0.03%
iter 1509: loss 1.8662, time 57.09ms, mfu 0.03%
iter 1510: loss 1.9126, time 54.03ms, mfu 0.03%
iter 1511: loss 1.8308, time 52.33ms, mfu 0.03%
iter 1512: loss 1.9029, time 53.68ms, mfu 0.03%
iter 1513: loss 1.9197, time 49.25ms, mfu 0.03%
iter 1514: loss 1.8333, time 54.63ms, mfu 0.03%
iter 1515: loss 1.9581, time 47.75ms, mfu 0.03%
iter 1516: loss 1.9134, time 42.57ms, mfu 0.03%
iter 1517: loss 1.7654, time 44.76ms, mfu 0.03%
iter 1518: loss 1.8353, time 47.78ms, mfu 0.03%
iter 1519: loss 1.8014, time 46.18ms, mfu 0.03%
iter 1520: loss 1.8808, time 52.17ms, mfu 0.03%
iter 1521: loss 1.9884, time 47.93ms, mfu 0.03%
iter 1522: loss 1.8365, time 46.77ms, mfu 0.03%
iter 1523: loss 1.9033, time 51.31ms, mfu 0.03%
iter 1524: loss 1.9126, time 49.51ms, mfu 0.03%
iter 1525: loss 1.9210, time 51.57ms, mfu 0.03%
iter 1526: loss 1.9358, time 51.76ms, mfu 0.03%
iter 1527: loss 1.8663, time 46.69ms, mfu 0.03%
iter 1528: loss 1.8855, time 46.87ms, mfu 0.03%
iter 1529: loss 1.7830, time 47.16ms, mfu 0.03%
iter 1530: loss 1.8471, time 48.19ms, mfu 0.03%
iter 1531: loss 1.9431, time 47.33ms, mfu 0.03%
iter 1532: loss 1.8808, time 48.66ms, mfu 0.03%
iter 1533: loss 1.9608, time 48.22ms, mfu 0.03%
iter 1534: loss 1.9399, time 50.03ms, mfu 0.03%
iter 1535: loss 1.9066, time 48.23ms, mfu 0.03%
iter 1536: loss 1.9550, time 46.92ms, mfu 0.03%
iter 1537: loss 1.8775, time 48.23ms, mfu 0.03%
iter 1538: loss 1.8402, time 46.98ms, mfu 0.03%
iter 1539: loss 1.8486, time 48.52ms, mfu 0.03%
iter 1540: loss 1.8931, time 48.56ms, mfu 0.03%
iter 1541: loss 1.9025, time 49.18ms, mfu 0.03%
iter 1542: loss 1.8639, time 46.73ms, mfu 0.03%
iter 1543: loss 1.8907, time 44.15ms, mfu 0.03%
iter 1544: loss 1.8241, time 46.80ms, mfu 0.03%
iter 1545: loss 1.8776, time 47.12ms, mfu 0.03%
iter 1546: loss 1.8988, time 47.10ms, mfu 0.03%
iter 1547: loss 1.8569, time 54.19ms, mfu 0.03%
iter 1548: loss 1.8272, time 52.46ms, mfu 0.03%
iter 1549: loss 1.9241, time 46.75ms, mfu 0.03%
iter 1550: loss 1.7920, time 47.06ms, mfu 0.03%
iter 1551: loss 1.9092, time 45.35ms, mfu 0.03%
iter 1552: loss 1.9531, time 48.16ms, mfu 0.03%
iter 1553: loss 1.8287, time 47.69ms, mfu 0.03%
iter 1554: loss 1.8008, time 47.19ms, mfu 0.03%
iter 1555: loss 1.8305, time 51.12ms, mfu 0.03%
iter 1556: loss 1.9478, time 48.25ms, mfu 0.03%
iter 1557: loss 1.8820, time 52.14ms, mfu 0.03%
iter 1558: loss 1.7603, time 52.16ms, mfu 0.03%
iter 1559: loss 1.8713, time 50.76ms, mfu 0.03%
iter 1560: loss 1.9195, time 51.71ms, mfu 0.03%
iter 1561: loss 1.8839, time 48.83ms, mfu 0.03%
iter 1562: loss 1.8560, time 48.45ms, mfu 0.03%
iter 1563: loss 1.8430, time 52.06ms, mfu 0.03%
iter 1564: loss 1.8246, time 50.15ms, mfu 0.03%
iter 1565: loss 1.8173, time 55.97ms, mfu 0.03%
iter 1566: loss 1.9911, time 50.64ms, mfu 0.03%
iter 1567: loss 1.8107, time 49.48ms, mfu 0.03%
iter 1568: loss 1.9204, time 48.96ms, mfu 0.03%
iter 1569: loss 1.9264, time 50.16ms, mfu 0.03%
iter 1570: loss 1.8840, time 48.66ms, mfu 0.03%
iter 1571: loss 1.8255, time 47.17ms, mfu 0.03%
iter 1572: loss 1.8766, time 46.85ms, mfu 0.03%
iter 1573: loss 1.9691, time 50.12ms, mfu 0.03%
iter 1574: loss 2.0620, time 48.35ms, mfu 0.03%
iter 1575: loss 1.9293, time 47.42ms, mfu 0.03%
iter 1576: loss 1.8800, time 48.21ms, mfu 0.03%
iter 1577: loss 1.8043, time 47.88ms, mfu 0.03%
iter 1578: loss 1.8998, time 46.19ms, mfu 0.03%
iter 1579: loss 1.8817, time 51.09ms, mfu 0.03%
iter 1580: loss 1.8985, time 48.16ms, mfu 0.03%
iter 1581: loss 1.9238, time 48.32ms, mfu 0.03%
iter 1582: loss 1.7399, time 50.08ms, mfu 0.03%
iter 1583: loss 1.9303, time 47.07ms, mfu 0.03%
iter 1584: loss 1.8364, time 46.89ms, mfu 0.03%
iter 1585: loss 1.8500, time 46.32ms, mfu 0.03%
iter 1586: loss 1.8310, time 48.06ms, mfu 0.03%
iter 1587: loss 1.8951, time 46.61ms, mfu 0.03%
iter 1588: loss 1.9760, time 47.16ms, mfu 0.03%
iter 1589: loss 1.8352, time 47.91ms, mfu 0.03%
iter 1590: loss 1.8965, time 49.26ms, mfu 0.03%
iter 1591: loss 1.9229, time 45.76ms, mfu 0.03%
iter 1592: loss 1.8486, time 43.86ms, mfu 0.03%
iter 1593: loss 1.8527, time 47.13ms, mfu 0.03%
iter 1594: loss 1.8870, time 46.95ms, mfu 0.03%
iter 1595: loss 1.8837, time 47.03ms, mfu 0.03%
iter 1596: loss 1.8832, time 44.75ms, mfu 0.03%
iter 1597: loss 1.9596, time 50.57ms, mfu 0.03%
iter 1598: loss 1.8588, time 47.89ms, mfu 0.03%
iter 1599: loss 1.9294, time 46.95ms, mfu 0.03%
iter 1600: loss 1.9243, time 47.50ms, mfu 0.03%
iter 1601: loss 1.7893, time 46.80ms, mfu 0.03%
iter 1602: loss 1.7105, time 47.00ms, mfu 0.03%
iter 1603: loss 1.9446, time 47.65ms, mfu 0.03%
iter 1604: loss 1.9048, time 48.16ms, mfu 0.03%
iter 1605: loss 1.8491, time 47.53ms, mfu 0.03%
iter 1606: loss 1.8139, time 47.32ms, mfu 0.03%
iter 1607: loss 1.9236, time 45.55ms, mfu 0.03%
iter 1608: loss 1.9427, time 49.64ms, mfu 0.03%
iter 1609: loss 1.7832, time 49.20ms, mfu 0.03%
iter 1610: loss 1.8639, time 46.25ms, mfu 0.03%
iter 1611: loss 1.9570, time 48.48ms, mfu 0.03%
iter 1612: loss 1.8618, time 46.06ms, mfu 0.03%
iter 1613: loss 1.8543, time 45.89ms, mfu 0.03%
iter 1614: loss 1.7785, time 47.84ms, mfu 0.03%
iter 1615: loss 1.8446, time 47.92ms, mfu 0.03%
iter 1616: loss 1.9372, time 47.12ms, mfu 0.03%
iter 1617: loss 1.7859, time 44.77ms, mfu 0.03%
iter 1618: loss 1.9578, time 47.26ms, mfu 0.03%
iter 1619: loss 1.9035, time 44.83ms, mfu 0.03%
iter 1620: loss 1.9668, time 46.53ms, mfu 0.03%
iter 1621: loss 1.7721, time 46.39ms, mfu 0.03%
iter 1622: loss 1.8306, time 46.46ms, mfu 0.03%
iter 1623: loss 1.8843, time 48.83ms, mfu 0.03%
iter 1624: loss 1.8681, time 47.41ms, mfu 0.03%
iter 1625: loss 1.8520, time 47.58ms, mfu 0.03%
iter 1626: loss 1.9625, time 47.23ms, mfu 0.03%
iter 1627: loss 1.8056, time 46.68ms, mfu 0.03%
iter 1628: loss 1.8733, time 47.11ms, mfu 0.03%
iter 1629: loss 1.7944, time 47.72ms, mfu 0.03%
iter 1630: loss 1.8887, time 45.82ms, mfu 0.03%
iter 1631: loss 1.8275, time 46.60ms, mfu 0.03%
iter 1632: loss 1.9196, time 47.99ms, mfu 0.03%
iter 1633: loss 1.8800, time 47.42ms, mfu 0.03%
iter 1634: loss 1.8084, time 45.94ms, mfu 0.03%
iter 1635: loss 1.8885, time 47.24ms, mfu 0.03%
iter 1636: loss 1.8172, time 45.98ms, mfu 0.03%
iter 1637: loss 1.8703, time 47.76ms, mfu 0.03%
iter 1638: loss 1.9165, time 45.62ms, mfu 0.03%
iter 1639: loss 1.9502, time 48.71ms, mfu 0.03%
iter 1640: loss 1.8343, time 44.22ms, mfu 0.03%
iter 1641: loss 1.9318, time 48.81ms, mfu 0.03%
iter 1642: loss 1.8131, time 46.54ms, mfu 0.03%
iter 1643: loss 1.8419, time 49.14ms, mfu 0.03%
iter 1644: loss 1.8689, time 48.85ms, mfu 0.03%
iter 1645: loss 1.8313, time 48.58ms, mfu 0.03%
iter 1646: loss 1.7722, time 48.76ms, mfu 0.03%
iter 1647: loss 1.8414, time 47.76ms, mfu 0.03%
iter 1648: loss 1.8506, time 48.67ms, mfu 0.03%
iter 1649: loss 1.9348, time 53.44ms, mfu 0.03%
iter 1650: loss 1.8565, time 56.53ms, mfu 0.03%
iter 1651: loss 1.8000, time 59.77ms, mfu 0.03%
iter 1652: loss 1.9354, time 50.49ms, mfu 0.03%
iter 1653: loss 1.8351, time 52.36ms, mfu 0.03%
iter 1654: loss 1.8827, time 49.19ms, mfu 0.03%
iter 1655: loss 1.8004, time 42.70ms, mfu 0.03%
iter 1656: loss 1.8326, time 46.76ms, mfu 0.03%
iter 1657: loss 1.8993, time 47.14ms, mfu 0.03%
iter 1658: loss 1.8557, time 46.57ms, mfu 0.03%
iter 1659: loss 1.9289, time 47.75ms, mfu 0.03%
iter 1660: loss 1.8808, time 46.97ms, mfu 0.03%
iter 1661: loss 1.9188, time 45.87ms, mfu 0.03%
iter 1662: loss 1.8602, time 47.00ms, mfu 0.03%
iter 1663: loss 1.8175, time 60.97ms, mfu 0.03%
iter 1664: loss 1.8607, time 49.55ms, mfu 0.03%
iter 1665: loss 1.8335, time 47.73ms, mfu 0.03%
iter 1666: loss 1.8620, time 42.59ms, mfu 0.03%
iter 1667: loss 1.7615, time 47.00ms, mfu 0.03%
iter 1668: loss 1.8178, time 47.42ms, mfu 0.03%
iter 1669: loss 1.8306, time 56.76ms, mfu 0.03%
iter 1670: loss 1.8635, time 50.37ms, mfu 0.03%
iter 1671: loss 1.7638, time 46.94ms, mfu 0.03%
iter 1672: loss 1.8489, time 49.90ms, mfu 0.03%
iter 1673: loss 1.9138, time 48.34ms, mfu 0.03%
iter 1674: loss 1.8635, time 41.28ms, mfu 0.03%
iter 1675: loss 1.9168, time 45.59ms, mfu 0.03%
iter 1676: loss 1.7412, time 46.03ms, mfu 0.03%
iter 1677: loss 1.9390, time 47.37ms, mfu 0.03%
iter 1678: loss 1.9453, time 46.91ms, mfu 0.03%
iter 1679: loss 1.8563, time 47.68ms, mfu 0.03%
iter 1680: loss 1.7590, time 45.75ms, mfu 0.03%
iter 1681: loss 1.9461, time 45.86ms, mfu 0.03%
iter 1682: loss 1.8608, time 46.58ms, mfu 0.03%
iter 1683: loss 1.9058, time 47.29ms, mfu 0.03%
iter 1684: loss 1.8353, time 49.76ms, mfu 0.03%
iter 1685: loss 2.0016, time 51.05ms, mfu 0.03%
iter 1686: loss 1.9321, time 53.62ms, mfu 0.03%
iter 1687: loss 1.9201, time 51.50ms, mfu 0.03%
iter 1688: loss 1.8083, time 51.98ms, mfu 0.03%
iter 1689: loss 1.8130, time 50.50ms, mfu 0.03%
iter 1690: loss 1.9237, time 48.78ms, mfu 0.03%
iter 1691: loss 1.8199, time 50.18ms, mfu 0.03%
iter 1692: loss 1.8359, time 50.96ms, mfu 0.03%
iter 1693: loss 1.9168, time 51.56ms, mfu 0.03%
iter 1694: loss 1.8253, time 51.28ms, mfu 0.03%
iter 1695: loss 1.9385, time 55.02ms, mfu 0.03%
iter 1696: loss 1.7991, time 52.23ms, mfu 0.03%
iter 1697: loss 1.9400, time 54.08ms, mfu 0.03%
iter 1698: loss 1.9108, time 55.72ms, mfu 0.03%
iter 1699: loss 1.9997, time 53.42ms, mfu 0.03%
iter 1700: loss 1.7695, time 57.05ms, mfu 0.03%
iter 1701: loss 1.8457, time 55.86ms, mfu 0.03%
iter 1702: loss 1.8835, time 52.86ms, mfu 0.03%
iter 1703: loss 1.8094, time 53.23ms, mfu 0.03%
iter 1704: loss 1.7968, time 52.96ms, mfu 0.03%
iter 1705: loss 1.8698, time 56.12ms, mfu 0.03%
iter 1706: loss 1.8059, time 60.11ms, mfu 0.03%
iter 1707: loss 1.9522, time 57.18ms, mfu 0.03%
iter 1708: loss 1.8265, time 56.37ms, mfu 0.03%
iter 1709: loss 1.8467, time 57.66ms, mfu 0.03%
iter 1710: loss 1.8073, time 51.52ms, mfu 0.03%
iter 1711: loss 1.8867, time 116.43ms, mfu 0.03%
iter 1712: loss 1.7368, time 50.98ms, mfu 0.03%
iter 1713: loss 1.8819, time 51.55ms, mfu 0.03%
iter 1714: loss 1.8217, time 49.82ms, mfu 0.03%
iter 1715: loss 1.9423, time 51.42ms, mfu 0.03%
iter 1716: loss 1.8710, time 49.69ms, mfu 0.03%
iter 1717: loss 1.8786, time 51.40ms, mfu 0.03%
iter 1718: loss 1.8240, time 50.26ms, mfu 0.03%
iter 1719: loss 1.8746, time 51.91ms, mfu 0.03%
iter 1720: loss 1.9000, time 50.22ms, mfu 0.03%
iter 1721: loss 1.8835, time 63.70ms, mfu 0.03%
iter 1722: loss 1.8260, time 48.98ms, mfu 0.03%
iter 1723: loss 1.8978, time 50.24ms, mfu 0.03%
iter 1724: loss 1.8483, time 52.85ms, mfu 0.03%
iter 1725: loss 1.7775, time 51.64ms, mfu 0.03%
iter 1726: loss 1.8071, time 54.52ms, mfu 0.03%
iter 1727: loss 1.9506, time 51.75ms, mfu 0.03%
iter 1728: loss 1.8881, time 50.72ms, mfu 0.03%
iter 1729: loss 1.8252, time 56.05ms, mfu 0.03%
iter 1730: loss 1.7893, time 61.45ms, mfu 0.03%
iter 1731: loss 2.0241, time 52.74ms, mfu 0.03%
iter 1732: loss 1.7965, time 49.90ms, mfu 0.03%
iter 1733: loss 1.8520, time 50.38ms, mfu 0.03%
iter 1734: loss 1.8113, time 55.18ms, mfu 0.03%
iter 1735: loss 1.7902, time 55.54ms, mfu 0.03%
iter 1736: loss 1.8652, time 51.27ms, mfu 0.03%
iter 1737: loss 1.8894, time 48.82ms, mfu 0.03%
iter 1738: loss 1.9268, time 50.59ms, mfu 0.03%
iter 1739: loss 1.8547, time 52.45ms, mfu 0.03%
iter 1740: loss 1.8610, time 53.64ms, mfu 0.03%
iter 1741: loss 1.8758, time 53.21ms, mfu 0.03%
iter 1742: loss 1.8532, time 56.83ms, mfu 0.03%
iter 1743: loss 1.8963, time 51.95ms, mfu 0.03%
iter 1744: loss 1.8131, time 52.76ms, mfu 0.03%
iter 1745: loss 1.8736, time 53.22ms, mfu 0.03%
iter 1746: loss 1.8787, time 50.81ms, mfu 0.03%
iter 1747: loss 1.9267, time 50.73ms, mfu 0.03%
iter 1748: loss 1.7804, time 50.89ms, mfu 0.03%
iter 1749: loss 1.9225, time 51.66ms, mfu 0.03%
step 1750: train loss 1.8650, val loss 1.9682
saving checkpoint to C:\Users\amitc\OneDrive\Desktop\Research\NanoGpt\nanoGPT\experiments\depth_ablation_6
iter 1750: loss 1.7715, time 677.11ms, mfu 0.03%
iter 1751: loss 1.8940, time 50.64ms, mfu 0.03%
iter 1752: loss 1.9627, time 49.11ms, mfu 0.03%
iter 1753: loss 1.9001, time 48.42ms, mfu 0.03%
iter 1754: loss 1.9094, time 49.44ms, mfu 0.03%
iter 1755: loss 1.8805, time 49.43ms, mfu 0.03%
iter 1756: loss 1.7911, time 49.38ms, mfu 0.03%
iter 1757: loss 1.8513, time 49.66ms, mfu 0.03%
iter 1758: loss 1.8905, time 48.06ms, mfu 0.03%
iter 1759: loss 1.8338, time 44.22ms, mfu 0.03%
iter 1760: loss 1.8076, time 48.40ms, mfu 0.03%
iter 1761: loss 1.8662, time 50.49ms, mfu 0.03%
iter 1762: loss 1.8024, time 48.84ms, mfu 0.03%
iter 1763: loss 1.8745, time 46.57ms, mfu 0.03%
iter 1764: loss 1.8464, time 47.58ms, mfu 0.03%
iter 1765: loss 1.9003, time 47.34ms, mfu 0.03%
iter 1766: loss 1.8355, time 47.94ms, mfu 0.03%
iter 1767: loss 1.7012, time 50.76ms, mfu 0.03%
iter 1768: loss 1.8840, time 51.06ms, mfu 0.03%
iter 1769: loss 1.8639, time 51.55ms, mfu 0.03%
iter 1770: loss 1.8797, time 52.13ms, mfu 0.03%
iter 1771: loss 1.9040, time 48.60ms, mfu 0.03%
iter 1772: loss 1.7408, time 49.41ms, mfu 0.03%
iter 1773: loss 1.8305, time 49.55ms, mfu 0.03%
iter 1774: loss 1.8791, time 51.11ms, mfu 0.03%
iter 1775: loss 1.8050, time 45.63ms, mfu 0.03%
iter 1776: loss 1.8462, time 49.05ms, mfu 0.03%
iter 1777: loss 1.7409, time 53.10ms, mfu 0.03%
iter 1778: loss 1.8442, time 48.63ms, mfu 0.03%
iter 1779: loss 1.8530, time 45.54ms, mfu 0.03%
iter 1780: loss 1.7612, time 46.87ms, mfu 0.03%
iter 1781: loss 1.8569, time 48.16ms, mfu 0.03%
iter 1782: loss 1.8800, time 50.51ms, mfu 0.03%
iter 1783: loss 1.8621, time 49.17ms, mfu 0.03%
iter 1784: loss 1.9177, time 46.96ms, mfu 0.03%
iter 1785: loss 1.8927, time 46.20ms, mfu 0.03%
iter 1786: loss 1.7725, time 48.52ms, mfu 0.03%
iter 1787: loss 1.8300, time 50.19ms, mfu 0.03%
iter 1788: loss 1.7183, time 49.30ms, mfu 0.03%
iter 1789: loss 1.7906, time 47.85ms, mfu 0.03%
iter 1790: loss 1.8080, time 47.73ms, mfu 0.03%
iter 1791: loss 1.7879, time 48.74ms, mfu 0.03%
iter 1792: loss 1.8887, time 46.72ms, mfu 0.03%
iter 1793: loss 1.9522, time 47.05ms, mfu 0.03%
iter 1794: loss 1.9242, time 48.82ms, mfu 0.03%
iter 1795: loss 1.8638, time 49.87ms, mfu 0.03%
iter 1796: loss 1.7950, time 51.02ms, mfu 0.03%
iter 1797: loss 1.8415, time 51.02ms, mfu 0.03%
iter 1798: loss 1.8231, time 48.66ms, mfu 0.03%
iter 1799: loss 1.8182, time 48.21ms, mfu 0.03%
iter 1800: loss 1.9246, time 51.83ms, mfu 0.03%
iter 1801: loss 1.8276, time 53.81ms, mfu 0.03%
iter 1802: loss 1.7541, time 54.72ms, mfu 0.03%
iter 1803: loss 1.8786, time 49.06ms, mfu 0.03%
iter 1804: loss 1.8755, time 56.57ms, mfu 0.03%
iter 1805: loss 1.7505, time 47.41ms, mfu 0.03%
iter 1806: loss 1.8422, time 48.39ms, mfu 0.03%
iter 1807: loss 1.8132, time 49.77ms, mfu 0.03%
iter 1808: loss 1.7047, time 60.55ms, mfu 0.03%
iter 1809: loss 1.8578, time 53.09ms, mfu 0.03%
iter 1810: loss 1.9536, time 54.06ms, mfu 0.03%
iter 1811: loss 1.8129, time 53.48ms, mfu 0.03%
iter 1812: loss 1.8385, time 52.00ms, mfu 0.03%
iter 1813: loss 1.7901, time 53.22ms, mfu 0.03%
iter 1814: loss 1.8685, time 51.23ms, mfu 0.03%
iter 1815: loss 1.8343, time 47.96ms, mfu 0.03%
iter 1816: loss 1.7706, time 53.56ms, mfu 0.03%
iter 1817: loss 1.7417, time 53.76ms, mfu 0.03%
iter 1818: loss 1.8280, time 56.37ms, mfu 0.03%
iter 1819: loss 1.8418, time 68.24ms, mfu 0.03%
iter 1820: loss 1.8227, time 63.25ms, mfu 0.03%
iter 1821: loss 1.7641, time 60.18ms, mfu 0.03%
iter 1822: loss 1.8420, time 60.26ms, mfu 0.03%
iter 1823: loss 1.8548, time 51.32ms, mfu 0.03%
iter 1824: loss 1.7928, time 50.61ms, mfu 0.03%
iter 1825: loss 1.9117, time 48.77ms, mfu 0.03%
iter 1826: loss 1.8682, time 50.13ms, mfu 0.03%
iter 1827: loss 1.7775, time 48.87ms, mfu 0.03%
iter 1828: loss 1.8226, time 50.15ms, mfu 0.03%
iter 1829: loss 1.8514, time 47.93ms, mfu 0.03%
iter 1830: loss 1.7903, time 49.54ms, mfu 0.03%
iter 1831: loss 1.7982, time 57.97ms, mfu 0.03%
iter 1832: loss 1.7870, time 55.85ms, mfu 0.03%
iter 1833: loss 1.7577, time 55.06ms, mfu 0.03%
iter 1834: loss 1.8577, time 57.11ms, mfu 0.03%
iter 1835: loss 1.8585, time 53.31ms, mfu 0.03%
iter 1836: loss 1.8365, time 49.98ms, mfu 0.03%
iter 1837: loss 1.6990, time 53.46ms, mfu 0.03%
iter 1838: loss 1.8526, time 44.27ms, mfu 0.03%
iter 1839: loss 1.8230, time 50.58ms, mfu 0.03%
iter 1840: loss 1.8462, time 52.31ms, mfu 0.03%
iter 1841: loss 1.8281, time 52.89ms, mfu 0.03%
iter 1842: loss 1.9156, time 52.47ms, mfu 0.03%
iter 1843: loss 1.8037, time 55.53ms, mfu 0.03%
iter 1844: loss 1.8115, time 50.46ms, mfu 0.03%
iter 1845: loss 1.7839, time 51.22ms, mfu 0.03%
iter 1846: loss 1.8958, time 51.74ms, mfu 0.03%
iter 1847: loss 1.8287, time 47.91ms, mfu 0.03%
iter 1848: loss 1.7628, time 50.22ms, mfu 0.03%
iter 1849: loss 1.8911, time 50.98ms, mfu 0.03%
iter 1850: loss 1.7991, time 49.46ms, mfu 0.03%
iter 1851: loss 1.8884, time 49.34ms, mfu 0.03%
iter 1852: loss 1.8089, time 44.61ms, mfu 0.03%
iter 1853: loss 1.8311, time 46.85ms, mfu 0.03%
iter 1854: loss 1.8714, time 49.93ms, mfu 0.03%
iter 1855: loss 1.8258, time 53.29ms, mfu 0.03%
iter 1856: loss 1.9261, time 49.48ms, mfu 0.03%
iter 1857: loss 1.8668, time 50.45ms, mfu 0.03%
iter 1858: loss 1.8648, time 48.89ms, mfu 0.03%
iter 1859: loss 1.8255, time 49.90ms, mfu 0.03%
iter 1860: loss 1.8828, time 49.39ms, mfu 0.03%
iter 1861: loss 1.7869, time 51.54ms, mfu 0.03%
iter 1862: loss 1.8497, time 47.77ms, mfu 0.03%
iter 1863: loss 1.8496, time 48.14ms, mfu 0.03%
iter 1864: loss 1.9099, time 51.52ms, mfu 0.03%
iter 1865: loss 1.8739, time 51.23ms, mfu 0.03%
iter 1866: loss 1.9059, time 52.13ms, mfu 0.03%
iter 1867: loss 1.8358, time 53.10ms, mfu 0.03%
iter 1868: loss 1.8591, time 49.19ms, mfu 0.03%
iter 1869: loss 1.7805, time 48.15ms, mfu 0.03%
iter 1870: loss 1.8256, time 47.22ms, mfu 0.03%
iter 1871: loss 1.8863, time 48.78ms, mfu 0.03%
iter 1872: loss 1.7574, time 49.74ms, mfu 0.03%
iter 1873: loss 1.7811, time 49.25ms, mfu 0.03%
iter 1874: loss 1.8254, time 51.01ms, mfu 0.03%
iter 1875: loss 1.8244, time 51.24ms, mfu 0.03%
iter 1876: loss 1.9556, time 50.93ms, mfu 0.03%
iter 1877: loss 1.8840, time 53.88ms, mfu 0.03%
iter 1878: loss 1.7699, time 47.17ms, mfu 0.03%
iter 1879: loss 1.8340, time 47.18ms, mfu 0.03%
iter 1880: loss 1.9167, time 49.16ms, mfu 0.03%
iter 1881: loss 1.8713, time 48.51ms, mfu 0.03%
iter 1882: loss 1.9166, time 47.59ms, mfu 0.03%
iter 1883: loss 1.7590, time 47.45ms, mfu 0.03%
iter 1884: loss 1.8732, time 51.05ms, mfu 0.03%
iter 1885: loss 1.8735, time 50.32ms, mfu 0.03%
iter 1886: loss 1.8094, time 49.49ms, mfu 0.03%
iter 1887: loss 1.8824, time 48.53ms, mfu 0.03%
iter 1888: loss 1.8518, time 48.03ms, mfu 0.03%
iter 1889: loss 1.8374, time 50.23ms, mfu 0.03%
iter 1890: loss 1.8157, time 50.11ms, mfu 0.03%
iter 1891: loss 1.7669, time 48.59ms, mfu 0.03%
iter 1892: loss 1.8606, time 48.39ms, mfu 0.03%
iter 1893: loss 1.8494, time 49.02ms, mfu 0.03%
iter 1894: loss 1.7219, time 49.58ms, mfu 0.03%
iter 1895: loss 1.7391, time 103.45ms, mfu 0.03%
iter 1896: loss 1.8200, time 58.12ms, mfu 0.03%
iter 1897: loss 1.7667, time 48.72ms, mfu 0.03%
iter 1898: loss 1.8578, time 50.64ms, mfu 0.03%
iter 1899: loss 1.8309, time 49.25ms, mfu 0.03%
iter 1900: loss 1.7405, time 48.77ms, mfu 0.03%
iter 1901: loss 1.8624, time 48.55ms, mfu 0.03%
iter 1902: loss 1.8029, time 46.65ms, mfu 0.03%
iter 1903: loss 1.7767, time 48.16ms, mfu 0.03%
iter 1904: loss 1.9416, time 48.45ms, mfu 0.03%
iter 1905: loss 1.8411, time 50.44ms, mfu 0.03%
iter 1906: loss 1.8053, time 46.06ms, mfu 0.03%
iter 1907: loss 1.8517, time 42.56ms, mfu 0.03%
iter 1908: loss 1.9356, time 48.17ms, mfu 0.03%
iter 1909: loss 1.7512, time 48.54ms, mfu 0.03%
iter 1910: loss 1.7688, time 48.12ms, mfu 0.03%
iter 1911: loss 1.8112, time 47.60ms, mfu 0.03%
iter 1912: loss 1.7918, time 46.92ms, mfu 0.03%
iter 1913: loss 1.9862, time 48.23ms, mfu 0.03%
iter 1914: loss 1.7200, time 50.04ms, mfu 0.03%
iter 1915: loss 1.8787, time 50.25ms, mfu 0.03%
iter 1916: loss 1.8545, time 51.46ms, mfu 0.03%
iter 1917: loss 1.8575, time 47.64ms, mfu 0.03%
iter 1918: loss 1.8556, time 47.86ms, mfu 0.03%
iter 1919: loss 1.8805, time 49.01ms, mfu 0.03%
iter 1920: loss 1.8826, time 52.30ms, mfu 0.03%
iter 1921: loss 1.8876, time 49.16ms, mfu 0.03%
iter 1922: loss 1.9309, time 46.98ms, mfu 0.03%
iter 1923: loss 1.8052, time 47.90ms, mfu 0.03%
iter 1924: loss 1.8262, time 49.50ms, mfu 0.03%
iter 1925: loss 1.7676, time 50.76ms, mfu 0.03%
iter 1926: loss 1.7326, time 51.79ms, mfu 0.03%
iter 1927: loss 1.8795, time 49.91ms, mfu 0.03%
iter 1928: loss 1.8341, time 48.04ms, mfu 0.03%
iter 1929: loss 1.9398, time 53.41ms, mfu 0.03%
iter 1930: loss 1.8466, time 49.57ms, mfu 0.03%
iter 1931: loss 2.0035, time 51.55ms, mfu 0.03%
iter 1932: loss 1.8656, time 48.68ms, mfu 0.03%
iter 1933: loss 1.8074, time 48.49ms, mfu 0.03%
iter 1934: loss 1.7766, time 52.57ms, mfu 0.03%
iter 1935: loss 1.9619, time 50.56ms, mfu 0.03%
iter 1936: loss 1.8732, time 49.29ms, mfu 0.03%
iter 1937: loss 1.8552, time 49.02ms, mfu 0.03%
iter 1938: loss 1.8326, time 50.23ms, mfu 0.03%
iter 1939: loss 1.8280, time 49.77ms, mfu 0.03%
iter 1940: loss 1.8796, time 50.15ms, mfu 0.03%
iter 1941: loss 1.8970, time 50.42ms, mfu 0.03%
iter 1942: loss 1.8351, time 53.40ms, mfu 0.03%
iter 1943: loss 1.7116, time 50.49ms, mfu 0.03%
iter 1944: loss 1.8065, time 48.54ms, mfu 0.03%
iter 1945: loss 1.7631, time 48.90ms, mfu 0.03%
iter 1946: loss 1.8123, time 50.53ms, mfu 0.03%
iter 1947: loss 1.8604, time 47.27ms, mfu 0.03%
iter 1948: loss 1.9285, time 47.29ms, mfu 0.03%
iter 1949: loss 1.8312, time 48.48ms, mfu 0.03%
iter 1950: loss 1.8163, time 47.23ms, mfu 0.03%
iter 1951: loss 1.8670, time 48.23ms, mfu 0.03%
iter 1952: loss 1.7702, time 47.84ms, mfu 0.03%
iter 1953: loss 1.7573, time 48.09ms, mfu 0.03%
iter 1954: loss 1.7751, time 50.28ms, mfu 0.03%
iter 1955: loss 1.8020, time 50.18ms, mfu 0.03%
iter 1956: loss 1.6644, time 50.43ms, mfu 0.03%
iter 1957: loss 1.9624, time 45.27ms, mfu 0.03%
iter 1958: loss 1.8910, time 46.40ms, mfu 0.03%
iter 1959: loss 1.8787, time 49.14ms, mfu 0.03%
iter 1960: loss 1.8164, time 49.53ms, mfu 0.03%
iter 1961: loss 1.7880, time 48.39ms, mfu 0.03%
iter 1962: loss 1.8052, time 47.17ms, mfu 0.03%
iter 1963: loss 1.7061, time 46.62ms, mfu 0.03%
iter 1964: loss 1.8849, time 49.48ms, mfu 0.03%
iter 1965: loss 1.8379, time 48.31ms, mfu 0.03%
iter 1966: loss 1.8336, time 49.18ms, mfu 0.03%
iter 1967: loss 1.8380, time 48.99ms, mfu 0.03%
iter 1968: loss 1.8012, time 47.59ms, mfu 0.03%
iter 1969: loss 1.7201, time 47.66ms, mfu 0.03%
iter 1970: loss 1.7280, time 51.30ms, mfu 0.03%
iter 1971: loss 1.9214, time 47.94ms, mfu 0.03%
iter 1972: loss 1.8212, time 46.94ms, mfu 0.03%
iter 1973: loss 1.9150, time 48.03ms, mfu 0.03%
iter 1974: loss 1.7615, time 52.72ms, mfu 0.03%
iter 1975: loss 1.9217, time 53.35ms, mfu 0.03%
iter 1976: loss 1.7578, time 48.37ms, mfu 0.03%
iter 1977: loss 1.8314, time 52.05ms, mfu 0.03%
iter 1978: loss 1.9184, time 53.51ms, mfu 0.03%
iter 1979: loss 1.7497, time 52.99ms, mfu 0.03%
iter 1980: loss 1.8576, time 49.25ms, mfu 0.03%
iter 1981: loss 1.8463, time 49.59ms, mfu 0.03%
iter 1982: loss 1.8209, time 48.11ms, mfu 0.03%
iter 1983: loss 1.7465, time 50.57ms, mfu 0.03%
iter 1984: loss 1.7975, time 50.11ms, mfu 0.03%
iter 1985: loss 1.8918, time 52.31ms, mfu 0.03%
iter 1986: loss 1.7967, time 51.41ms, mfu 0.03%
iter 1987: loss 1.8561, time 51.15ms, mfu 0.03%
iter 1988: loss 1.8297, time 51.44ms, mfu 0.03%
iter 1989: loss 1.8890, time 49.26ms, mfu 0.03%
iter 1990: loss 1.8290, time 46.41ms, mfu 0.03%
iter 1991: loss 1.8636, time 47.12ms, mfu 0.03%
iter 1992: loss 1.6830, time 48.43ms, mfu 0.03%
iter 1993: loss 1.7429, time 46.60ms, mfu 0.03%
iter 1994: loss 1.8361, time 48.29ms, mfu 0.03%
iter 1995: loss 1.8265, time 57.43ms, mfu 0.03%
iter 1996: loss 1.8286, time 48.57ms, mfu 0.03%
iter 1997: loss 1.9491, time 49.34ms, mfu 0.03%
iter 1998: loss 1.8131, time 50.84ms, mfu 0.03%
iter 1999: loss 1.8265, time 51.19ms, mfu 0.03%
step 2000: train loss 1.8254, val loss 1.9118
saving checkpoint to C:\Users\amitc\OneDrive\Desktop\Research\NanoGpt\nanoGPT\experiments\depth_ablation_6
iter 2000: loss 1.7826, time 692.71ms, mfu 0.03%
